year,date,value,series_id,series_title,series_survey,series_seasonally_adjusted,series_periodicity_id,series_periodicity_code,series_periodicity_name,series_area_id,series_area_code,series_area_name,series_items_id,series_items_code,series_items_name,period_id,period_code,period_abbreviation,period_name,period_month,period_type,pct_change
2009,2009-12-01,215.949,CUUR0000SA0,"All items in U.S. city average, all urban consumers, not seasonally adjusted",All urban consumers,False,R,R,Monthly,0000,0000,U.S. city average,SA0,SA0,All items,M12,M12,DEC,December,12,monthly,0.027213311262058282
2010,2010-01-01,216.687,CUUR0000SA0,"All items in U.S. city average, all urban consumers, not seasonally adjusted",All urban consumers,False,R,R,Monthly,0000,0000,U.S. city average,SA0,SA0,All items,M01,M01,JAN,January,1,monthly,0.026257086429576137
2010,2010-02-01,216.741,CUUR0000SA0,"All items in U.S. city average, all urban consumers, not seasonally adjusted",All urban consumers,False,R,R,Monthly,0000,0000,U.S. city average,SA0,SA0,All items,M02,M02,FEB,February,2,monthly,0.02143331778145363
2010,2010-03-01,217.631,CUUR0000SA0,"All items in U.S. city average, all urban consumers, not seasonally adjusted",All urban consumers,False,R,R,Monthly,0000,0000,U.S. city average,SA0,SA0,All items,M03,M03,MAR,March,3,monthly,0.023139594469439473
2010,2010-04-01,218.009,CUUR0000SA0,"All items in U.S. city average, all urban consumers, not seasonally adjusted",All urban consumers,False,R,R,Monthly,0000,0000,U.S. city average,SA0,SA0,All items,M04,M04,APR,April,4,monthly,0.022364471956480836
2010,2010-05-01,218.178,CUUR0000SA0,"All items in U.S. city average, all urban consumers, not seasonally adjusted",All urban consumers,False,R,R,Monthly,0000,0000,U.S. city average,SA0,SA0,All items,M05,M05,MAY,May,5,monthly,0.020209860840939786
2010,2010-06-01,217.965,CUUR0000SA0,"All items in U.S. city average, all urban consumers, not seasonally adjusted",All urban consumers,False,R,R,Monthly,0000,0000,U.S. city average,SA0,SA0,All items,M06,M06,JUN,June,6,monthly,0.01053348972845658
2010,2010-07-01,218.011,CUUR0000SA0,"All items in U.S. city average, all urban consumers, not seasonally adjusted",All urban consumers,False,R,R,Monthly,0000,0000,U.S. city average,SA0,SA0,All items,M07,M07,JUL,July,7,monthly,0.012351927783014638
2010,2010-08-01,218.312,CUUR0000SA0,"All items in U.S. city average, all urban consumers, not seasonally adjusted",All urban consumers,False,R,R,Monthly,0000,0000,U.S. city average,SA0,SA0,All items,M08,M08,AUG,August,8,monthly,0.011481045618392027
2010,2010-09-01,218.439,CUUR0000SA0,"All items in U.S. city average, all urban consumers, not seasonally adjusted",All urban consumers,False,R,R,Monthly,0000,0000,U.S. city average,SA0,SA0,All items,M09,M09,SEP,September,9,monthly,0.01143682658159273
2010,2010-10-01,218.711,CUUR0000SA0,"All items in U.S. city average, all urban consumers, not seasonally adjusted",All urban consumers,False,R,R,Monthly,0000,0000,U.S. city average,SA0,SA0,All items,M10,M10,OCT,October,10,monthly,0.011721876055269531
2010,2010-11-01,218.803,CUUR0000SA0,"All items in U.S. city average, all urban consumers, not seasonally adjusted",All urban consumers,False,R,R,Monthly,0000,0000,U.S. city average,SA0,SA0,All items,M11,M11,NOV,November,11,monthly,0.011431609115702734
2010,2010-12-01,219.179,CUUR0000SA0,"All items in U.S. city average, all urban consumers, not seasonally adjusted",All urban consumers,False,R,R,Monthly,0000,0000,U.S. city average,SA0,SA0,All items,M12,M12,DEC,December,12,monthly,0.014957235273143077
2011,2011-01-01,220.223,CUUR0000SA0,"All items in U.S. city average, all urban consumers, not seasonally adjusted",All urban consumers,False,R,R,Monthly,0000,0000,U.S. city average,SA0,SA0,All items,M01,M01,JAN,January,1,monthly,0.01631846857448771
2011,2011-02-01,221.309,CUUR0000SA0,"All items in U.S. city average, all urban consumers, not seasonally adjusted",All urban consumers,False,R,R,Monthly,0000,0000,U.S. city average,SA0,SA0,All items,M02,M02,FEB,February,2,monthly,0.021075846286581656
2011,2011-03-01,223.467,CUUR0000SA0,"All items in U.S. city average, all urban consumers, not seasonally adjusted",All urban consumers,False,R,R,Monthly,0000,0000,U.S. city average,SA0,SA0,All items,M03,M03,MAR,March,3,monthly,0.026816032642408505
2011,2011-04-01,224.906,CUUR0000SA0,"All items in U.S. city average, all urban consumers, not seasonally adjusted",All urban consumers,False,R,R,Monthly,0000,0000,U.S. city average,SA0,SA0,All items,M04,M04,APR,April,4,monthly,0.03163630859276467
2011,2011-05-01,225.964,CUUR0000SA0,"All items in U.S. city average, all urban consumers, not seasonally adjusted",All urban consumers,False,R,R,Monthly,0000,0000,U.S. city average,SA0,SA0,All items,M05,M05,MAY,May,5,monthly,0.03568645784634561
2011,2011-06-01,225.722,CUUR0000SA0,"All items in U.S. city average, all urban consumers, not seasonally adjusted",All urban consumers,False,R,R,Monthly,0000,0000,U.S. city average,SA0,SA0,All items,M06,M06,JUN,June,6,monthly,0.03558828252242341
2011,2011-07-01,225.922,CUUR0000SA0,"All items in U.S. city average, all urban consumers, not seasonally adjusted",All urban consumers,False,R,R,Monthly,0000,0000,U.S. city average,SA0,SA0,All items,M07,M07,JUL,July,7,monthly,0.03628715982221076
2011,2011-08-01,226.545,CUUR0000SA0,"All items in U.S. city average, all urban consumers, not seasonally adjusted",All urban consumers,False,R,R,Monthly,0000,0000,U.S. city average,SA0,SA0,All items,M08,M08,AUG,August,8,monthly,0.03771208179119778
2011,2011-09-01,226.889,CUUR0000SA0,"All items in U.S. city average, all urban consumers, not seasonally adjusted",All urban consumers,False,R,R,Monthly,0000,0000,U.S. city average,SA0,SA0,All items,M09,M09,SEP,September,9,monthly,0.03868356841040299
2011,2011-10-01,226.421,CUUR0000SA0,"All items in U.S. city average, all urban consumers, not seasonally adjusted",All urban consumers,False,R,R,Monthly,0000,0000,U.S. city average,SA0,SA0,All items,M10,M10,OCT,October,10,monthly,0.035251999213574026
2011,2011-11-01,226.23,CUUR0000SA0,"All items in U.S. city average, all urban consumers, not seasonally adjusted",All urban consumers,False,R,R,Monthly,0000,0000,U.S. city average,SA0,SA0,All items,M11,M11,NOV,November,11,monthly,0.03394377590800857
2011,2011-12-01,225.672,CUUR0000SA0,"All items in U.S. city average, all urban consumers, not seasonally adjusted",All urban consumers,False,R,R,Monthly,0000,0000,U.S. city average,SA0,SA0,All items,M12,M12,DEC,December,12,monthly,0.029624188448710953
2012,2012-01-01,226.665,CUUR0000SA0,"All items in U.S. city average, all urban consumers, not seasonally adjusted",All urban consumers,False,R,R,Monthly,0000,0000,U.S. city average,SA0,SA0,All items,M01,M01,JAN,January,1,monthly,0.029252167121508466
2012,2012-02-01,227.663,CUUR0000SA0,"All items in U.S. city average, all urban consumers, not seasonally adjusted",All urban consumers,False,R,R,Monthly,0000,0000,U.S. city average,SA0,SA0,All items,M02,M02,FEB,February,2,monthly,0.028710987804382082
2012,2012-03-01,229.392,CUUR0000SA0,"All items in U.S. city average, all urban consumers, not seasonally adjusted",All urban consumers,False,R,R,Monthly,0000,0000,U.S. city average,SA0,SA0,All items,M03,M03,MAR,March,3,monthly,0.02651398193021781
2012,2012-04-01,230.085,CUUR0000SA0,"All items in U.S. city average, all urban consumers, not seasonally adjusted",All urban consumers,False,R,R,Monthly,0000,0000,U.S. city average,SA0,SA0,All items,M04,M04,APR,April,4,monthly,0.023027398112989372
2012,2012-05-01,229.815,CUUR0000SA0,"All items in U.S. city average, all urban consumers, not seasonally adjusted",All urban consumers,False,R,R,Monthly,0000,0000,U.S. city average,SA0,SA0,All items,M05,M05,MAY,May,5,monthly,0.01704253774937592
2012,2012-06-01,229.478,CUUR0000SA0,"All items in U.S. city average, all urban consumers, not seasonally adjusted",All urban consumers,False,R,R,Monthly,0000,0000,U.S. city average,SA0,SA0,All items,M06,M06,JUN,June,6,monthly,0.016639937622385137
2012,2012-07-01,229.104,CUUR0000SA0,"All items in U.S. city average, all urban consumers, not seasonally adjusted",All urban consumers,False,R,R,Monthly,0000,0000,U.S. city average,SA0,SA0,All items,M07,M07,JUL,July,7,monthly,0.014084507042253502
2012,2012-08-01,230.379,CUUR0000SA0,"All items in U.S. city average, all urban consumers, not seasonally adjusted",All urban consumers,False,R,R,Monthly,0000,0000,U.S. city average,SA0,SA0,All items,M08,M08,AUG,August,8,monthly,0.01692378997550148
2012,2012-09-01,231.407,CUUR0000SA0,"All items in U.S. city average, all urban consumers, not seasonally adjusted",All urban consumers,False,R,R,Monthly,0000,0000,U.S. city average,SA0,SA0,All items,M09,M09,SEP,September,9,monthly,0.01991282080664991
2012,2012-10-01,231.317,CUUR0000SA0,"All items in U.S. city average, all urban consumers, not seasonally adjusted",All urban consumers,False,R,R,Monthly,0000,0000,U.S. city average,SA0,SA0,All items,M10,M10,OCT,October,10,monthly,0.021623435988711304
2012,2012-11-01,230.221,CUUR0000SA0,"All items in U.S. city average, all urban consumers, not seasonally adjusted",All urban consumers,False,R,R,Monthly,0000,0000,U.S. city average,SA0,SA0,All items,M11,M11,NOV,November,11,monthly,0.01764133846085847
2012,2012-12-01,229.601,CUUR0000SA0,"All items in U.S. city average, all urban consumers, not seasonally adjusted",All urban consumers,False,R,R,Monthly,0000,0000,U.S. city average,SA0,SA0,All items,M12,M12,DEC,December,12,monthly,0.01741022368747558
2013,2013-01-01,230.28,CUUR0000SA0,"All items in U.S. city average, all urban consumers, not seasonally adjusted",All urban consumers,False,R,R,Monthly,0000,0000,U.S. city average,SA0,SA0,All items,M01,M01,JAN,January,1,monthly,0.01594864668122553
2013,2013-02-01,232.166,CUUR0000SA0,"All items in U.S. city average, all urban consumers, not seasonally adjusted",All urban consumers,False,R,R,Monthly,0000,0000,U.S. city average,SA0,SA0,All items,M02,M02,FEB,February,2,monthly,0.019779235097490577
2013,2013-03-01,232.773,CUUR0000SA0,"All items in U.S. city average, all urban consumers, not seasonally adjusted",All urban consumers,False,R,R,Monthly,0000,0000,U.S. city average,SA0,SA0,All items,M03,M03,MAR,March,3,monthly,0.014738962125967703
2013,2013-04-01,232.531,CUUR0000SA0,"All items in U.S. city average, all urban consumers, not seasonally adjusted",All urban consumers,False,R,R,Monthly,0000,0000,U.S. city average,SA0,SA0,All items,M04,M04,APR,April,4,monthly,0.010630853814894481
2013,2013-05-01,232.945,CUUR0000SA0,"All items in U.S. city average, all urban consumers, not seasonally adjusted",All urban consumers,False,R,R,Monthly,0000,0000,U.S. city average,SA0,SA0,All items,M05,M05,MAY,May,5,monthly,0.013619650588516885
2013,2013-06-01,233.504,CUUR0000SA0,"All items in U.S. city average, all urban consumers, not seasonally adjusted",All urban consumers,False,R,R,Monthly,0000,0000,U.S. city average,SA0,SA0,All items,M06,M06,JUN,June,6,monthly,0.017544165453768912
2013,2013-07-01,233.596,CUUR0000SA0,"All items in U.S. city average, all urban consumers, not seasonally adjusted",All urban consumers,False,R,R,Monthly,0000,0000,U.S. city average,SA0,SA0,All items,M07,M07,JUL,July,7,monthly,0.019606816118443948
2013,2013-08-01,233.877,CUUR0000SA0,"All items in U.S. city average, all urban consumers, not seasonally adjusted",All urban consumers,False,R,R,Monthly,0000,0000,U.S. city average,SA0,SA0,All items,M08,M08,AUG,August,8,monthly,0.015183675595431989
2013,2013-09-01,234.149,CUUR0000SA0,"All items in U.S. city average, all urban consumers, not seasonally adjusted",All urban consumers,False,R,R,Monthly,0000,0000,U.S. city average,SA0,SA0,All items,M09,M09,SEP,September,9,monthly,0.01184925261552161
2013,2013-10-01,233.546,CUUR0000SA0,"All items in U.S. city average, all urban consumers, not seasonally adjusted",All urban consumers,False,R,R,Monthly,0000,0000,U.S. city average,SA0,SA0,All items,M10,M10,OCT,October,10,monthly,0.009636127046434018
2013,2013-11-01,233.069,CUUR0000SA0,"All items in U.S. city average, all urban consumers, not seasonally adjusted",All urban consumers,False,R,R,Monthly,0000,0000,U.S. city average,SA0,SA0,All items,M11,M11,NOV,November,11,monthly,0.012370722045339066
2013,2013-12-01,233.049,CUUR0000SA0,"All items in U.S. city average, all urban consumers, not seasonally adjusted",All urban consumers,False,R,R,Monthly,0000,0000,U.S. city average,SA0,SA0,All items,M12,M12,DEC,December,12,monthly,0.01501735619618394
2014,2014-01-01,233.916,CUUR0000SA0,"All items in U.S. city average, all urban consumers, not seasonally adjusted",All urban consumers,False,R,R,Monthly,0000,0000,U.S. city average,SA0,SA0,All items,M01,M01,JAN,January,1,monthly,0.015789473684210575
2014,2014-02-01,234.781,CUUR0000SA0,"All items in U.S. city average, all urban consumers, not seasonally adjusted",All urban consumers,False,R,R,Monthly,0000,0000,U.S. city average,SA0,SA0,All items,M02,M02,FEB,February,2,monthly,0.011263492501055294
2014,2014-03-01,236.293,CUUR0000SA0,"All items in U.S. city average, all urban consumers, not seasonally adjusted",All urban consumers,False,R,R,Monthly,0000,0000,U.S. city average,SA0,SA0,All items,M03,M03,MAR,March,3,monthly,0.015122028757630801
2014,2014-04-01,237.072,CUUR0000SA0,"All items in U.S. city average, all urban consumers, not seasonally adjusted",All urban consumers,False,R,R,Monthly,0000,0000,U.S. city average,SA0,SA0,All items,M04,M04,APR,April,4,monthly,0.019528578985167577
2014,2014-05-01,237.9,CUUR0000SA0,"All items in U.S. city average, all urban consumers, not seasonally adjusted",All urban consumers,False,R,R,Monthly,0000,0000,U.S. city average,SA0,SA0,All items,M05,M05,MAY,May,5,monthly,0.021271115499366777
2014,2014-06-01,238.343,CUUR0000SA0,"All items in U.S. city average, all urban consumers, not seasonally adjusted",All urban consumers,False,R,R,Monthly,0000,0000,U.S. city average,SA0,SA0,All items,M06,M06,JUN,June,6,monthly,0.020723413731670526
2014,2014-07-01,238.25,CUUR0000SA0,"All items in U.S. city average, all urban consumers, not seasonally adjusted",All urban consumers,False,R,R,Monthly,0000,0000,U.S. city average,SA0,SA0,All items,M07,M07,JUL,July,7,monthly,0.019923286357643066
2014,2014-08-01,237.852,CUUR0000SA0,"All items in U.S. city average, all urban consumers, not seasonally adjusted",All urban consumers,False,R,R,Monthly,0000,0000,U.S. city average,SA0,SA0,All items,M08,M08,AUG,August,8,monthly,0.016996113341628316
2014,2014-09-01,238.031,CUUR0000SA0,"All items in U.S. city average, all urban consumers, not seasonally adjusted",All urban consumers,False,R,R,Monthly,0000,0000,U.S. city average,SA0,SA0,All items,M09,M09,SEP,September,9,monthly,0.01657918675715031
2014,2014-10-01,237.433,CUUR0000SA0,"All items in U.S. city average, all urban consumers, not seasonally adjusted",All urban consumers,False,R,R,Monthly,0000,0000,U.S. city average,SA0,SA0,All items,M10,M10,OCT,October,10,monthly,0.01664340215632043
2014,2014-11-01,236.151,CUUR0000SA0,"All items in U.S. city average, all urban consumers, not seasonally adjusted",All urban consumers,False,R,R,Monthly,0000,0000,U.S. city average,SA0,SA0,All items,M11,M11,NOV,November,11,monthly,0.013223551823708934
2014,2014-12-01,234.812,CUUR0000SA0,"All items in U.S. city average, all urban consumers, not seasonally adjusted",All urban consumers,False,R,R,Monthly,0000,0000,U.S. city average,SA0,SA0,All items,M12,M12,DEC,December,12,monthly,0.007564932696557447
2015,2015-01-01,233.707,CUUR0000SA0,"All items in U.S. city average, all urban consumers, not seasonally adjusted",All urban consumers,False,R,R,Monthly,0000,0000,U.S. city average,SA0,SA0,All items,M01,M01,JAN,January,1,monthly,-0.0008934831306964819
2015,2015-02-01,234.722,CUUR0000SA0,"All items in U.S. city average, all urban consumers, not seasonally adjusted",All urban consumers,False,R,R,Monthly,0000,0000,U.S. city average,SA0,SA0,All items,M02,M02,FEB,February,2,monthly,-0.00025129801815304553
2015,2015-03-01,236.119,CUUR0000SA0,"All items in U.S. city average, all urban consumers, not seasonally adjusted",All urban consumers,False,R,R,Monthly,0000,0000,U.S. city average,SA0,SA0,All items,M03,M03,MAR,March,3,monthly,-0.0007363739086643228
2015,2015-04-01,236.599,CUUR0000SA0,"All items in U.S. city average, all urban consumers, not seasonally adjusted",All urban consumers,False,R,R,Monthly,0000,0000,U.S. city average,SA0,SA0,All items,M04,M04,APR,April,4,monthly,-0.001995174461766891
2015,2015-05-01,237.805,CUUR0000SA0,"All items in U.S. city average, all urban consumers, not seasonally adjusted",All urban consumers,False,R,R,Monthly,0000,0000,U.S. city average,SA0,SA0,All items,M05,M05,MAY,May,5,monthly,-0.00039932744850779134
2015,2015-06-01,238.638,CUUR0000SA0,"All items in U.S. city average, all urban consumers, not seasonally adjusted",All urban consumers,False,R,R,Monthly,0000,0000,U.S. city average,SA0,SA0,All items,M06,M06,JUN,June,6,monthly,0.0012377120368545214
2015,2015-07-01,238.654,CUUR0000SA0,"All items in U.S. city average, all urban consumers, not seasonally adjusted",All urban consumers,False,R,R,Monthly,0000,0000,U.S. city average,SA0,SA0,All items,M07,M07,JUL,July,7,monthly,0.001695697796432194
2015,2015-08-01,238.316,CUUR0000SA0,"All items in U.S. city average, all urban consumers, not seasonally adjusted",All urban consumers,False,R,R,Monthly,0000,0000,U.S. city average,SA0,SA0,All items,M08,M08,AUG,August,8,monthly,0.001950792930057288
2015,2015-09-01,237.945,CUUR0000SA0,"All items in U.S. city average, all urban consumers, not seasonally adjusted",All urban consumers,False,R,R,Monthly,0000,0000,U.S. city average,SA0,SA0,All items,M09,M09,SEP,September,9,monthly,-0.0003612974780596856
2015,2015-10-01,237.838,CUUR0000SA0,"All items in U.S. city average, all urban consumers, not seasonally adjusted",All urban consumers,False,R,R,Monthly,0000,0000,U.S. city average,SA0,SA0,All items,M10,M10,OCT,October,10,monthly,0.0017057443573555986
2015,2015-11-01,237.336,CUUR0000SA0,"All items in U.S. city average, all urban consumers, not seasonally adjusted",All urban consumers,False,R,R,Monthly,0000,0000,U.S. city average,SA0,SA0,All items,M11,M11,NOV,November,11,monthly,0.005017975786678841
2015,2015-12-01,236.525,CUUR0000SA0,"All items in U.S. city average, all urban consumers, not seasonally adjusted",All urban consumers,False,R,R,Monthly,0000,0000,U.S. city average,SA0,SA0,All items,M12,M12,DEC,December,12,monthly,0.007295197860415881
2016,2016-01-01,236.916,CUUR0000SA0,"All items in U.S. city average, all urban consumers, not seasonally adjusted",All urban consumers,False,R,R,Monthly,0000,0000,U.S. city average,SA0,SA0,All items,M01,M01,JAN,January,1,monthly,0.013730868138309926
2016,2016-02-01,237.111,CUUR0000SA0,"All items in U.S. city average, all urban consumers, not seasonally adjusted",All urban consumers,False,R,R,Monthly,0000,0000,U.S. city average,SA0,SA0,All items,M02,M02,FEB,February,2,monthly,0.010177997801654737
2016,2016-03-01,238.132,CUUR0000SA0,"All items in U.S. city average, all urban consumers, not seasonally adjusted",All urban consumers,False,R,R,Monthly,0000,0000,U.S. city average,SA0,SA0,All items,M03,M03,MAR,March,3,monthly,0.008525362211427412
2016,2016-04-01,239.261,CUUR0000SA0,"All items in U.S. city average, all urban consumers, not seasonally adjusted",All urban consumers,False,R,R,Monthly,0000,0000,U.S. city average,SA0,SA0,All items,M04,M04,APR,April,4,monthly,0.011251104188944261
2016,2016-05-01,240.229,CUUR0000SA0,"All items in U.S. city average, all urban consumers, not seasonally adjusted",All urban consumers,False,R,R,Monthly,0000,0000,U.S. city average,SA0,SA0,All items,M05,M05,MAY,May,5,monthly,0.010193225541935691
2016,2016-06-01,241.018,CUUR0000SA0,"All items in U.S. city average, all urban consumers, not seasonally adjusted",All urban consumers,False,R,R,Monthly,0000,0000,U.S. city average,SA0,SA0,All items,M06,M06,JUN,June,6,monthly,0.009973264945230875
2016,2016-07-01,240.628,CUUR0000SA0,"All items in U.S. city average, all urban consumers, not seasonally adjusted",All urban consumers,False,R,R,Monthly,0000,0000,U.S. city average,SA0,SA0,All items,M07,M07,JUL,July,7,monthly,0.008271388704987004
2016,2016-08-01,240.849,CUUR0000SA0,"All items in U.S. city average, all urban consumers, not seasonally adjusted",All urban consumers,False,R,R,Monthly,0000,0000,U.S. city average,SA0,SA0,All items,M08,M08,AUG,August,8,monthly,0.010628745027610353
2016,2016-09-01,241.428,CUUR0000SA0,"All items in U.S. city average, all urban consumers, not seasonally adjusted",All urban consumers,False,R,R,Monthly,0000,0000,U.S. city average,SA0,SA0,All items,M09,M09,SEP,September,9,monthly,0.014637836474815646
2016,2016-10-01,241.729,CUUR0000SA0,"All items in U.S. city average, all urban consumers, not seasonally adjusted",All urban consumers,False,R,R,Monthly,0000,0000,U.S. city average,SA0,SA0,All items,M10,M10,OCT,October,10,monthly,0.016359875209176034
2016,2016-11-01,241.353,CUUR0000SA0,"All items in U.S. city average, all urban consumers, not seasonally adjusted",All urban consumers,False,R,R,Monthly,0000,0000,U.S. city average,SA0,SA0,All items,M11,M11,NOV,November,11,monthly,0.016925371625037933
2016,2016-12-01,241.432,CUUR0000SA0,"All items in U.S. city average, all urban consumers, not seasonally adjusted",All urban consumers,False,R,R,Monthly,0000,0000,U.S. city average,SA0,SA0,All items,M12,M12,DEC,December,12,monthly,0.02074622132966919
2017,2017-01-01,242.839,CUUR0000SA0,"All items in U.S. city average, all urban consumers, not seasonally adjusted",All urban consumers,False,R,R,Monthly,0000,0000,U.S. city average,SA0,SA0,All items,M01,M01,JAN,January,1,monthly,0.025000422090529995
2017,2017-02-01,243.603,CUUR0000SA0,"All items in U.S. city average, all urban consumers, not seasonally adjusted",All urban consumers,False,R,R,Monthly,0000,0000,U.S. city average,SA0,SA0,All items,M02,M02,FEB,February,2,monthly,0.027379581714893186
2017,2017-03-01,243.801,CUUR0000SA0,"All items in U.S. city average, all urban consumers, not seasonally adjusted",All urban consumers,False,R,R,Monthly,0000,0000,U.S. city average,SA0,SA0,All items,M03,M03,MAR,March,3,monthly,0.023806124334402767
2017,2017-04-01,244.524,CUUR0000SA0,"All items in U.S. city average, all urban consumers, not seasonally adjusted",All urban consumers,False,R,R,Monthly,0000,0000,U.S. city average,SA0,SA0,All items,M04,M04,APR,April,4,monthly,0.02199689878417299
2017,2017-05-01,244.733,CUUR0000SA0,"All items in U.S. city average, all urban consumers, not seasonally adjusted",All urban consumers,False,R,R,Monthly,0000,0000,U.S. city average,SA0,SA0,All items,M05,M05,MAY,May,5,monthly,0.018748777208413614
2017,2017-06-01,244.955,CUUR0000SA0,"All items in U.S. city average, all urban consumers, not seasonally adjusted",All urban consumers,False,R,R,Monthly,0000,0000,U.S. city average,SA0,SA0,All items,M06,M06,JUN,June,6,monthly,0.01633487955256463
2017,2017-07-01,244.786,CUUR0000SA0,"All items in U.S. city average, all urban consumers, not seasonally adjusted",All urban consumers,False,R,R,Monthly,0000,0000,U.S. city average,SA0,SA0,All items,M07,M07,JUL,July,7,monthly,0.01727978456372492
2017,2017-08-01,245.519,CUUR0000SA0,"All items in U.S. city average, all urban consumers, not seasonally adjusted",All urban consumers,False,R,R,Monthly,0000,0000,U.S. city average,SA0,SA0,All items,M08,M08,AUG,August,8,monthly,0.019389742120581754
2017,2017-09-01,246.819,CUUR0000SA0,"All items in U.S. city average, all urban consumers, not seasonally adjusted",All urban consumers,False,R,R,Monthly,0000,0000,U.S. city average,SA0,SA0,All items,M09,M09,SEP,September,9,monthly,0.022329638650032235
2017,2017-10-01,246.663,CUUR0000SA0,"All items in U.S. city average, all urban consumers, not seasonally adjusted",All urban consumers,False,R,R,Monthly,0000,0000,U.S. city average,SA0,SA0,All items,M10,M10,OCT,October,10,monthly,0.020411287019761692
2017,2017-11-01,246.669,CUUR0000SA0,"All items in U.S. city average, all urban consumers, not seasonally adjusted",All urban consumers,False,R,R,Monthly,0000,0000,U.S. city average,SA0,SA0,All items,M11,M11,NOV,November,11,monthly,0.02202582938683184
2017,2017-12-01,246.524,CUUR0000SA0,"All items in U.S. city average, all urban consumers, not seasonally adjusted",All urban consumers,False,R,R,Monthly,0000,0000,U.S. city average,SA0,SA0,All items,M12,M12,DEC,December,12,monthly,0.021090824745684245
2018,2018-01-01,247.867,CUUR0000SA0,"All items in U.S. city average, all urban consumers, not seasonally adjusted",All urban consumers,False,R,R,Monthly,0000,0000,U.S. city average,SA0,SA0,All items,M01,M01,JAN,January,1,monthly,0.020705076202751638
2018,2018-02-01,248.991,CUUR0000SA0,"All items in U.S. city average, all urban consumers, not seasonally adjusted",All urban consumers,False,R,R,Monthly,0000,0000,U.S. city average,SA0,SA0,All items,M02,M02,FEB,February,2,monthly,0.022117954212386604
2018,2018-03-01,249.554,CUUR0000SA0,"All items in U.S. city average, all urban consumers, not seasonally adjusted",All urban consumers,False,R,R,Monthly,0000,0000,U.S. city average,SA0,SA0,All items,M03,M03,MAR,March,3,monthly,0.023597114039729084
2018,2018-04-01,250.546,CUUR0000SA0,"All items in U.S. city average, all urban consumers, not seasonally adjusted",All urban consumers,False,R,R,Monthly,0000,0000,U.S. city average,SA0,SA0,All items,M04,M04,APR,April,4,monthly,0.02462743943334811
2018,2018-05-01,251.588,CUUR0000SA0,"All items in U.S. city average, all urban consumers, not seasonally adjusted",All urban consumers,False,R,R,Monthly,0000,0000,U.S. city average,SA0,SA0,All items,M05,M05,MAY,May,5,monthly,0.028010117148075553
2018,2018-06-01,251.989,CUUR0000SA0,"All items in U.S. city average, all urban consumers, not seasonally adjusted",All urban consumers,False,R,R,Monthly,0000,0000,U.S. city average,SA0,SA0,All items,M06,M06,JUN,June,6,monthly,0.0287154783531669
2018,2018-07-01,252.006,CUUR0000SA0,"All items in U.S. city average, all urban consumers, not seasonally adjusted",All urban consumers,False,R,R,Monthly,0000,0000,U.S. city average,SA0,SA0,All items,M07,M07,JUL,July,7,monthly,0.029495150866471143
2018,2018-08-01,252.146,CUUR0000SA0,"All items in U.S. city average, all urban consumers, not seasonally adjusted",All urban consumers,False,R,R,Monthly,0000,0000,U.S. city average,SA0,SA0,All items,M08,M08,AUG,August,8,monthly,0.026991801041874375
2018,2018-09-01,252.439,CUUR0000SA0,"All items in U.S. city average, all urban consumers, not seasonally adjusted",All urban consumers,False,R,R,Monthly,0000,0000,U.S. city average,SA0,SA0,All items,M09,M09,SEP,September,9,monthly,0.022769721941990007
2018,2018-10-01,252.885,CUUR0000SA0,"All items in U.S. city average, all urban consumers, not seasonally adjusted",All urban consumers,False,R,R,Monthly,0000,0000,U.S. city average,SA0,SA0,All items,M10,M10,OCT,October,10,monthly,0.025224699286070296
2018,2018-11-01,252.038,CUUR0000SA0,"All items in U.S. city average, all urban consumers, not seasonally adjusted",All urban consumers,False,R,R,Monthly,0000,0000,U.S. city average,SA0,SA0,All items,M11,M11,NOV,November,11,monthly,0.021766010321524032
2018,2018-12-01,251.233,CUUR0000SA0,"All items in U.S. city average, all urban consumers, not seasonally adjusted",All urban consumers,False,R,R,Monthly,0000,0000,U.S. city average,SA0,SA0,All items,M12,M12,DEC,December,12,monthly,0.019101588486313714
2019,2019-01-01,251.712,CUUR0000SA0,"All items in U.S. city average, all urban consumers, not seasonally adjusted",All urban consumers,False,R,R,Monthly,0000,0000,U.S. city average,SA0,SA0,All items,M01,M01,JAN,January,1,monthly,0.015512351381991252
2019,2019-02-01,252.776,CUUR0000SA0,"All items in U.S. city average, all urban consumers, not seasonally adjusted",All urban consumers,False,R,R,Monthly,0000,0000,U.S. city average,SA0,SA0,All items,M02,M02,FEB,February,2,monthly,0.01520135265933309
2019,2019-03-01,254.202,CUUR0000SA0,"All items in U.S. city average, all urban consumers, not seasonally adjusted",All urban consumers,False,R,R,Monthly,0000,0000,U.S. city average,SA0,SA0,All items,M03,M03,MAR,March,3,monthly,0.018625227405691724
2019,2019-04-01,255.548,CUUR0000SA0,"All items in U.S. city average, all urban consumers, not seasonally adjusted",All urban consumers,False,R,R,Monthly,0000,0000,U.S. city average,SA0,SA0,All items,M04,M04,APR,April,4,monthly,0.019964397755302565
2019,2019-05-01,256.092,CUUR0000SA0,"All items in U.S. city average, all urban consumers, not seasonally adjusted",All urban consumers,False,R,R,Monthly,0000,0000,U.S. city average,SA0,SA0,All items,M05,M05,MAY,May,5,monthly,0.017902284687663972
2019,2019-06-01,256.143,CUUR0000SA0,"All items in U.S. city average, all urban consumers, not seasonally adjusted",All urban consumers,False,R,R,Monthly,0000,0000,U.S. city average,SA0,SA0,All items,M06,M06,JUN,June,6,monthly,0.016484846560762545
2019,2019-07-01,256.571,CUUR0000SA0,"All items in U.S. city average, all urban consumers, not seasonally adjusted",All urban consumers,False,R,R,Monthly,0000,0000,U.S. city average,SA0,SA0,All items,M07,M07,JUL,July,7,monthly,0.018114648063935146
2019,2019-08-01,256.558,CUUR0000SA0,"All items in U.S. city average, all urban consumers, not seasonally adjusted",All urban consumers,False,R,R,Monthly,0000,0000,U.S. city average,SA0,SA0,All items,M08,M08,AUG,August,8,monthly,0.017497798894291483
2019,2019-09-01,256.759,CUUR0000SA0,"All items in U.S. city average, all urban consumers, not seasonally adjusted",All urban consumers,False,R,R,Monthly,0000,0000,U.S. city average,SA0,SA0,All items,M09,M09,SEP,September,9,monthly,0.017113045131695204
2019,2019-10-01,257.346,CUUR0000SA0,"All items in U.S. city average, all urban consumers, not seasonally adjusted",All urban consumers,False,R,R,Monthly,0000,0000,U.S. city average,SA0,SA0,All items,M10,M10,OCT,October,10,monthly,0.017640429444213845
2019,2019-11-01,257.208,CUUR0000SA0,"All items in U.S. city average, all urban consumers, not seasonally adjusted",All urban consumers,False,R,R,Monthly,0000,0000,U.S. city average,SA0,SA0,All items,M11,M11,NOV,November,11,monthly,0.020512779818916194
2009,2009-12-01,202.301,CUUR0000SA0E,"Energy in U.S. city average, all urban consumers, not seasonally adjusted",All urban consumers,False,R,R,Monthly,0000,0000,U.S. city average,SA0E,SA0E,Energy,M12,M12,DEC,December,12,monthly,0.18195468514472002
2010,2010-01-01,208.026,CUUR0000SA0E,"Energy in U.S. city average, all urban consumers, not seasonally adjusted",All urban consumers,False,R,R,Monthly,0000,0000,U.S. city average,SA0E,SA0E,Energy,M01,M01,JAN,January,1,monthly,0.1912931932975226
2010,2010-02-01,204.455,CUUR0000SA0E,"Energy in U.S. city average, all urban consumers, not seasonally adjusted",All urban consumers,False,R,R,Monthly,0000,0000,U.S. city average,SA0E,SA0E,Energy,M02,M02,FEB,February,2,monthly,0.14386178884531242
2010,2010-03-01,209.999,CUUR0000SA0E,"Energy in U.S. city average, all urban consumers, not seasonally adjusted",All urban consumers,False,R,R,Monthly,0000,0000,U.S. city average,SA0E,SA0E,Energy,M03,M03,MAR,March,3,monthly,0.18339964159725897
2010,2010-04-01,212.977,CUUR0000SA0E,"Energy in U.S. city average, all urban consumers, not seasonally adjusted",All urban consumers,False,R,R,Monthly,0000,0000,U.S. city average,SA0E,SA0E,Energy,M04,M04,APR,April,4,monthly,0.18515447624983294
2010,2010-05-01,214.363,CUUR0000SA0E,"Energy in U.S. city average, all urban consumers, not seasonally adjusted",All urban consumers,False,R,R,Monthly,0000,0000,U.S. city average,SA0E,SA0E,Energy,M05,M05,MAY,May,5,monthly,0.1468843126869226
2010,2010-06-01,211.66,CUUR0000SA0E,"Energy in U.S. city average, all urban consumers, not seasonally adjusted",All urban consumers,False,R,R,Monthly,0000,0000,U.S. city average,SA0E,SA0E,Energy,M06,M06,JUN,June,6,monthly,0.030436983953886942
2010,2010-07-01,212.372,CUUR0000SA0E,"Energy in U.S. city average, all urban consumers, not seasonally adjusted",All urban consumers,False,R,R,Monthly,0000,0000,U.S. city average,SA0E,SA0E,Energy,M07,M07,JUL,July,7,monthly,0.05166932424803661
2010,2010-08-01,212.663,CUUR0000SA0E,"Energy in U.S. city average, all urban consumers, not seasonally adjusted",All urban consumers,False,R,R,Monthly,0000,0000,U.S. city average,SA0E,SA0E,Energy,M08,M08,AUG,August,8,monthly,0.0375272599538472
2010,2010-09-01,210.003,CUUR0000SA0E,"Energy in U.S. city average, all urban consumers, not seasonally adjusted",All urban consumers,False,R,R,Monthly,0000,0000,U.S. city average,SA0E,SA0E,Energy,M09,M09,SEP,September,9,monthly,0.03836968399400709
2010,2010-10-01,210.947,CUUR0000SA0E,"Energy in U.S. city average, all urban consumers, not seasonally adjusted",All urban consumers,False,R,R,Monthly,0000,0000,U.S. city average,SA0E,SA0E,Energy,M10,M10,OCT,October,10,monthly,0.05898151587867351
2010,2010-11-01,211.97,CUUR0000SA0E,"Energy in U.S. city average, all urban consumers, not seasonally adjusted",All urban consumers,False,R,R,Monthly,0000,0000,U.S. city average,SA0E,SA0E,Energy,M11,M11,NOV,November,11,monthly,0.038936214011939585
2010,2010-12-01,217.953,CUUR0000SA0E,"Energy in U.S. city average, all urban consumers, not seasonally adjusted",All urban consumers,False,R,R,Monthly,0000,0000,U.S. city average,SA0E,SA0E,Energy,M12,M12,DEC,December,12,monthly,0.07736985976342181
2011,2011-01-01,223.266,CUUR0000SA0E,"Energy in U.S. city average, all urban consumers, not seasonally adjusted",All urban consumers,False,R,R,Monthly,0000,0000,U.S. city average,SA0E,SA0E,Energy,M01,M01,JAN,January,1,monthly,0.07326007326007322
2011,2011-02-01,226.86,CUUR0000SA0E,"Energy in U.S. city average, all urban consumers, not seasonally adjusted",All urban consumers,False,R,R,Monthly,0000,0000,U.S. city average,SA0E,SA0E,Energy,M02,M02,FEB,February,2,monthly,0.10958401604265
2011,2011-03-01,242.516,CUUR0000SA0E,"Energy in U.S. city average, all urban consumers, not seasonally adjusted",All urban consumers,False,R,R,Monthly,0000,0000,U.S. city average,SA0E,SA0E,Energy,M03,M03,MAR,March,3,monthly,0.1548435944933071
2011,2011-04-01,253.495,CUUR0000SA0E,"Energy in U.S. city average, all urban consumers, not seasonally adjusted",All urban consumers,False,R,R,Monthly,0000,0000,U.S. city average,SA0E,SA0E,Energy,M04,M04,APR,April,4,monthly,0.19024589509665368
2011,2011-05-01,260.376,CUUR0000SA0E,"Energy in U.S. city average, all urban consumers, not seasonally adjusted",All urban consumers,False,R,R,Monthly,0000,0000,U.S. city average,SA0E,SA0E,Energy,M05,M05,MAY,May,5,monthly,0.21464991626353425
2011,2011-06-01,254.17,CUUR0000SA0E,"Energy in U.S. city average, all urban consumers, not seasonally adjusted",All urban consumers,False,R,R,Monthly,0000,0000,U.S. city average,SA0E,SA0E,Energy,M06,M06,JUN,June,6,monthly,0.200840971369177
2011,2011-07-01,252.661,CUUR0000SA0E,"Energy in U.S. city average, all urban consumers, not seasonally adjusted",All urban consumers,False,R,R,Monthly,0000,0000,U.S. city average,SA0E,SA0E,Energy,M07,M07,JUL,July,7,monthly,0.18970956623283675
2011,2011-08-01,251.706,CUUR0000SA0E,"Energy in U.S. city average, all urban consumers, not seasonally adjusted",All urban consumers,False,R,R,Monthly,0000,0000,U.S. city average,SA0E,SA0E,Energy,M08,M08,AUG,August,8,monthly,0.18359093965569917
2011,2011-09-01,250.48,CUUR0000SA0E,"Energy in U.S. city average, all urban consumers, not seasonally adjusted",All urban consumers,False,R,R,Monthly,0000,0000,U.S. city average,SA0E,SA0E,Energy,M09,M09,SEP,September,9,monthly,0.19274486554953985
2011,2011-10-01,240.902,CUUR0000SA0E,"Energy in U.S. city average, all urban consumers, not seasonally adjusted",All urban consumers,False,R,R,Monthly,0000,0000,U.S. city average,SA0E,SA0E,Energy,M10,M10,OCT,October,10,monthly,0.14200249351732896
2011,2011-11-01,238.177,CUUR0000SA0E,"Energy in U.S. city average, all urban consumers, not seasonally adjusted",All urban consumers,False,R,R,Monthly,0000,0000,U.S. city average,SA0E,SA0E,Energy,M11,M11,NOV,November,11,monthly,0.12363542010661877
2011,2011-12-01,232.3,CUUR0000SA0E,"Energy in U.S. city average, all urban consumers, not seasonally adjusted",All urban consumers,False,R,R,Monthly,0000,0000,U.S. city average,SA0E,SA0E,Energy,M12,M12,DEC,December,12,monthly,0.06582611847508413
2012,2012-01-01,236.942,CUUR0000SA0E,"Energy in U.S. city average, all urban consumers, not seasonally adjusted",All urban consumers,False,R,R,Monthly,0000,0000,U.S. city average,SA0E,SA0E,Energy,M01,M01,JAN,January,1,monthly,0.0612542886064158
2012,2012-02-01,242.663,CUUR0000SA0E,"Energy in U.S. city average, all urban consumers, not seasonally adjusted",All urban consumers,False,R,R,Monthly,0000,0000,U.S. city average,SA0E,SA0E,Energy,M02,M02,FEB,February,2,monthly,0.06965970201886629
2012,2012-03-01,253.599,CUUR0000SA0E,"Energy in U.S. city average, all urban consumers, not seasonally adjusted",All urban consumers,False,R,R,Monthly,0000,0000,U.S. city average,SA0E,SA0E,Energy,M03,M03,MAR,March,3,monthly,0.04570007752065841
2012,2012-04-01,255.736,CUUR0000SA0E,"Energy in U.S. city average, all urban consumers, not seasonally adjusted",All urban consumers,False,R,R,Monthly,0000,0000,U.S. city average,SA0E,SA0E,Energy,M04,M04,APR,April,4,monthly,0.00884041105347233
2012,2012-05-01,250.306,CUUR0000SA0E,"Energy in U.S. city average, all urban consumers, not seasonally adjusted",All urban consumers,False,R,R,Monthly,0000,0000,U.S. city average,SA0E,SA0E,Energy,M05,M05,MAY,May,5,monthly,-0.03867483946293038
2012,2012-06-01,244.167,CUUR0000SA0E,"Energy in U.S. city average, all urban consumers, not seasonally adjusted",All urban consumers,False,R,R,Monthly,0000,0000,U.S. city average,SA0E,SA0E,Energy,M06,M06,JUN,June,6,monthly,-0.03935554943541719
2012,2012-07-01,239.972,CUUR0000SA0E,"Energy in U.S. city average, all urban consumers, not seasonally adjusted",All urban consumers,False,R,R,Monthly,0000,0000,U.S. city average,SA0E,SA0E,Energy,M07,M07,JUL,July,7,monthly,-0.05022144296112174
2012,2012-08-01,250.306,CUUR0000SA0E,"Energy in U.S. city average, all urban consumers, not seasonally adjusted",All urban consumers,False,R,R,Monthly,0000,0000,U.S. city average,SA0E,SA0E,Energy,M08,M08,AUG,August,8,monthly,-0.005562044607597683
2012,2012-09-01,256.332,CUUR0000SA0E,"Energy in U.S. city average, all urban consumers, not seasonally adjusted",All urban consumers,False,R,R,Monthly,0000,0000,U.S. city average,SA0E,SA0E,Energy,M09,M09,SEP,September,9,monthly,0.023363142765889577
2012,2012-10-01,250.523,CUUR0000SA0E,"Energy in U.S. city average, all urban consumers, not seasonally adjusted",All urban consumers,False,R,R,Monthly,0000,0000,U.S. city average,SA0E,SA0E,Energy,M10,M10,OCT,October,10,monthly,0.039937401931075645
2012,2012-11-01,238.946,CUUR0000SA0E,"Energy in U.S. city average, all urban consumers, not seasonally adjusted",All urban consumers,False,R,R,Monthly,0000,0000,U.S. city average,SA0E,SA0E,Energy,M11,M11,NOV,November,11,monthly,0.0032286912674188706
2012,2012-12-01,233.473,CUUR0000SA0E,"Energy in U.S. city average, all urban consumers, not seasonally adjusted",All urban consumers,False,R,R,Monthly,0000,0000,U.S. city average,SA0E,SA0E,Energy,M12,M12,DEC,December,12,monthly,0.005049504950495054
2013,2013-01-01,234.624,CUUR0000SA0E,"Energy in U.S. city average, all urban consumers, not seasonally adjusted",All urban consumers,False,R,R,Monthly,0000,0000,U.S. city average,SA0E,SA0E,Energy,M01,M01,JAN,January,1,monthly,-0.00978298486549456
2013,2013-02-01,248.146,CUUR0000SA0E,"Energy in U.S. city average, all urban consumers, not seasonally adjusted",All urban consumers,False,R,R,Monthly,0000,0000,U.S. city average,SA0E,SA0E,Energy,M02,M02,FEB,February,2,monthly,0.02259512162958499
2013,2013-03-01,249.565,CUUR0000SA0E,"Energy in U.S. city average, all urban consumers, not seasonally adjusted",All urban consumers,False,R,R,Monthly,0000,0000,U.S. city average,SA0E,SA0E,Energy,M03,M03,MAR,March,3,monthly,-0.01590700278786583
2013,2013-04-01,244.757,CUUR0000SA0E,"Energy in U.S. city average, all urban consumers, not seasonally adjusted",All urban consumers,False,R,R,Monthly,0000,0000,U.S. city average,SA0E,SA0E,Energy,M04,M04,APR,April,4,monthly,-0.04293099133481393
2013,2013-05-01,247.805,CUUR0000SA0E,"Energy in U.S. city average, all urban consumers, not seasonally adjusted",All urban consumers,False,R,R,Monthly,0000,0000,U.S. city average,SA0E,SA0E,Energy,M05,M05,MAY,May,5,monthly,-0.009991770073430106
2013,2013-06-01,251.921,CUUR0000SA0E,"Energy in U.S. city average, all urban consumers, not seasonally adjusted",All urban consumers,False,R,R,Monthly,0000,0000,U.S. city average,SA0E,SA0E,Energy,M06,M06,JUN,June,6,monthly,0.031756953232828344
2013,2013-07-01,251.37,CUUR0000SA0E,"Energy in U.S. city average, all urban consumers, not seasonally adjusted",All urban consumers,False,R,R,Monthly,0000,0000,U.S. city average,SA0E,SA0E,Energy,M07,M07,JUL,July,7,monthly,0.04749720800760082
2013,2013-08-01,250.011,CUUR0000SA0E,"Energy in U.S. city average, all urban consumers, not seasonally adjusted",All urban consumers,False,R,R,Monthly,0000,0000,U.S. city average,SA0E,SA0E,Energy,M08,M08,AUG,August,8,monthly,-0.0011785574456865122
2013,2013-09-01,248.513,CUUR0000SA0E,"Energy in U.S. city average, all urban consumers, not seasonally adjusted",All urban consumers,False,R,R,Monthly,0000,0000,U.S. city average,SA0E,SA0E,Energy,M09,M09,SEP,September,9,monthly,-0.03050340964062226
2013,2013-10-01,238.524,CUUR0000SA0E,"Energy in U.S. city average, all urban consumers, not seasonally adjusted",All urban consumers,False,R,R,Monthly,0000,0000,U.S. city average,SA0E,SA0E,Energy,M10,M10,OCT,October,10,monthly,-0.04789580198225307
2013,2013-11-01,233.136,CUUR0000SA0E,"Energy in U.S. city average, all urban consumers, not seasonally adjusted",All urban consumers,False,R,R,Monthly,0000,0000,U.S. city average,SA0E,SA0E,Energy,M11,M11,NOV,November,11,monthly,-0.024315117223138283
2013,2013-12-01,234.542,CUUR0000SA0E,"Energy in U.S. city average, all urban consumers, not seasonally adjusted",All urban consumers,False,R,R,Monthly,0000,0000,U.S. city average,SA0E,SA0E,Energy,M12,M12,DEC,December,12,monthly,0.004578687899671419
2014,2014-01-01,239.551,CUUR0000SA0E,"Energy in U.S. city average, all urban consumers, not seasonally adjusted",All urban consumers,False,R,R,Monthly,0000,0000,U.S. city average,SA0E,SA0E,Energy,M01,M01,JAN,January,1,monthly,0.020999556737588687
2014,2014-02-01,242.041,CUUR0000SA0E,"Energy in U.S. city average, all urban consumers, not seasonally adjusted",All urban consumers,False,R,R,Monthly,0000,0000,U.S. city average,SA0E,SA0E,Energy,M02,M02,FEB,February,2,monthly,-0.024602451782418377
2014,2014-03-01,250.543,CUUR0000SA0E,"Energy in U.S. city average, all urban consumers, not seasonally adjusted",All urban consumers,False,R,R,Monthly,0000,0000,U.S. city average,SA0E,SA0E,Energy,M03,M03,MAR,March,3,monthly,0.0039188187446157485
2014,2014-04-01,252.717,CUUR0000SA0E,"Energy in U.S. city average, all urban consumers, not seasonally adjusted",All urban consumers,False,R,R,Monthly,0000,0000,U.S. city average,SA0E,SA0E,Energy,M04,M04,APR,April,4,monthly,0.03252205248470941
2014,2014-05-01,255.982,CUUR0000SA0E,"Energy in U.S. city average, all urban consumers, not seasonally adjusted",All urban consumers,False,R,R,Monthly,0000,0000,U.S. city average,SA0E,SA0E,Energy,M05,M05,MAY,May,5,monthly,0.03299771998143708
2014,2014-06-01,259.858,CUUR0000SA0E,"Energy in U.S. city average, all urban consumers, not seasonally adjusted",All urban consumers,False,R,R,Monthly,0000,0000,U.S. city average,SA0E,SA0E,Energy,M06,M06,JUN,June,6,monthly,0.03150590859833047
2014,2014-07-01,257.907,CUUR0000SA0E,"Energy in U.S. city average, all urban consumers, not seasonally adjusted",All urban consumers,False,R,R,Monthly,0000,0000,U.S. city average,SA0E,SA0E,Energy,M07,M07,JUL,July,7,monthly,0.02600548991526419
2014,2014-08-01,250.951,CUUR0000SA0E,"Energy in U.S. city average, all urban consumers, not seasonally adjusted",All urban consumers,False,R,R,Monthly,0000,0000,U.S. city average,SA0E,SA0E,Energy,M08,M08,AUG,August,8,monthly,0.00375983456727913
2014,2014-09-01,247.077,CUUR0000SA0E,"Energy in U.S. city average, all urban consumers, not seasonally adjusted",All urban consumers,False,R,R,Monthly,0000,0000,U.S. city average,SA0E,SA0E,Energy,M09,M09,SEP,September,9,monthly,-0.0057783697432327585
2014,2014-10-01,234.745,CUUR0000SA0E,"Energy in U.S. city average, all urban consumers, not seasonally adjusted",All urban consumers,False,R,R,Monthly,0000,0000,U.S. city average,SA0E,SA0E,Energy,M10,M10,OCT,October,10,monthly,-0.015843269440391716
2014,2014-11-01,221.844,CUUR0000SA0E,"Energy in U.S. city average, all urban consumers, not seasonally adjusted",All urban consumers,False,R,R,Monthly,0000,0000,U.S. city average,SA0E,SA0E,Energy,M11,M11,NOV,November,11,monthly,-0.048435248095532235
2014,2014-12-01,209.785,CUUR0000SA0E,"Energy in U.S. city average, all urban consumers, not seasonally adjusted",All urban consumers,False,R,R,Monthly,0000,0000,U.S. city average,SA0E,SA0E,Energy,M12,M12,DEC,December,12,monthly,-0.1055546554561656
2015,2015-01-01,192.619,CUUR0000SA0E,"Energy in U.S. city average, all urban consumers, not seasonally adjusted",All urban consumers,False,R,R,Monthly,0000,0000,U.S. city average,SA0E,SA0E,Energy,M01,M01,JAN,January,1,monthly,-0.19591652716957975
2015,2015-02-01,196.597,CUUR0000SA0E,"Energy in U.S. city average, all urban consumers, not seasonally adjusted",All urban consumers,False,R,R,Monthly,0000,0000,U.S. city average,SA0E,SA0E,Energy,M02,M02,FEB,February,2,monthly,-0.18775331452109345
2015,2015-03-01,204.731,CUUR0000SA0E,"Energy in U.S. city average, all urban consumers, not seasonally adjusted",All urban consumers,False,R,R,Monthly,0000,0000,U.S. city average,SA0E,SA0E,Energy,M03,M03,MAR,March,3,monthly,-0.1828508479582348
2015,2015-04-01,203.715,CUUR0000SA0E,"Energy in U.S. city average, all urban consumers, not seasonally adjusted",All urban consumers,False,R,R,Monthly,0000,0000,U.S. city average,SA0E,SA0E,Energy,M04,M04,APR,April,4,monthly,-0.19390068733009658
2015,2015-05-01,214.33,CUUR0000SA0E,"Energy in U.S. city average, all urban consumers, not seasonally adjusted",All urban consumers,False,R,R,Monthly,0000,0000,U.S. city average,SA0E,SA0E,Energy,M05,M05,MAY,May,5,monthly,-0.16271456586791255
2015,2015-06-01,220.861,CUUR0000SA0E,"Energy in U.S. city average, all urban consumers, not seasonally adjusted",All urban consumers,False,R,R,Monthly,0000,0000,U.S. city average,SA0E,SA0E,Energy,M06,M06,JUN,June,6,monthly,-0.15007042307721918
2015,2015-07-01,219.852,CUUR0000SA0E,"Energy in U.S. city average, all urban consumers, not seasonally adjusted",All urban consumers,False,R,R,Monthly,0000,0000,U.S. city average,SA0E,SA0E,Energy,M07,M07,JUL,July,7,monthly,-0.14755318777698934
2015,2015-08-01,213.248,CUUR0000SA0E,"Energy in U.S. city average, all urban consumers, not seasonally adjusted",All urban consumers,False,R,R,Monthly,0000,0000,U.S. city average,SA0E,SA0E,Energy,M08,M08,AUG,August,8,monthly,-0.15024048519432087
2015,2015-09-01,201.641,CUUR0000SA0E,"Energy in U.S. city average, all urban consumers, not seasonally adjusted",All urban consumers,False,R,R,Monthly,0000,0000,U.S. city average,SA0E,SA0E,Energy,M09,M09,SEP,September,9,monthly,-0.18389408969673426
2015,2015-10-01,194.501,CUUR0000SA0E,"Energy in U.S. city average, all urban consumers, not seasonally adjusted",All urban consumers,False,R,R,Monthly,0000,0000,U.S. city average,SA0E,SA0E,Energy,M10,M10,OCT,October,10,monthly,-0.17143709131184903
2015,2015-11-01,189.267,CUUR0000SA0E,"Energy in U.S. city average, all urban consumers, not seasonally adjusted",All urban consumers,False,R,R,Monthly,0000,0000,U.S. city average,SA0E,SA0E,Energy,M11,M11,NOV,November,11,monthly,-0.1468464326283334
2015,2015-12-01,183.378,CUUR0000SA0E,"Energy in U.S. city average, all urban consumers, not seasonally adjusted",All urban consumers,False,R,R,Monthly,0000,0000,U.S. city average,SA0E,SA0E,Energy,M12,M12,DEC,December,12,monthly,-0.12587649259956624
2016,2016-01-01,180.171,CUUR0000SA0E,"Energy in U.S. city average, all urban consumers, not seasonally adjusted",All urban consumers,False,R,R,Monthly,0000,0000,U.S. city average,SA0E,SA0E,Energy,M01,M01,JAN,January,1,monthly,-0.06462498507416203
2016,2016-02-01,172.061,CUUR0000SA0E,"Energy in U.S. city average, all urban consumers, not seasonally adjusted",All urban consumers,False,R,R,Monthly,0000,0000,U.S. city average,SA0E,SA0E,Energy,M02,M02,FEB,February,2,monthly,-0.12480353209865869
2016,2016-03-01,179.017,CUUR0000SA0E,"Energy in U.S. city average, all urban consumers, not seasonally adjusted",All urban consumers,False,R,R,Monthly,0000,0000,U.S. city average,SA0E,SA0E,Energy,M03,M03,MAR,March,3,monthly,-0.12559895667974075
2016,2016-04-01,185.652,CUUR0000SA0E,"Energy in U.S. city average, all urban consumers, not seasonally adjusted",All urban consumers,False,R,R,Monthly,0000,0000,U.S. city average,SA0E,SA0E,Energy,M04,M04,APR,April,4,monthly,-0.0886679920477138
2016,2016-05-01,192.673,CUUR0000SA0E,"Energy in U.S. city average, all urban consumers, not seasonally adjusted",All urban consumers,False,R,R,Monthly,0000,0000,U.S. city average,SA0E,SA0E,Energy,M05,M05,MAY,May,5,monthly,-0.10104511734241595
2016,2016-06-01,200.035,CUUR0000SA0E,"Energy in U.S. city average, all urban consumers, not seasonally adjusted",All urban consumers,False,R,R,Monthly,0000,0000,U.S. city average,SA0E,SA0E,Energy,M06,M06,JUN,June,6,monthly,-0.09429460158199043
2016,2016-07-01,195.94,CUUR0000SA0E,"Energy in U.S. city average, all urban consumers, not seasonally adjusted",All urban consumers,False,R,R,Monthly,0000,0000,U.S. city average,SA0E,SA0E,Energy,M07,M07,JUL,July,7,monthly,-0.10876407765223883
2016,2016-08-01,193.524,CUUR0000SA0E,"Energy in U.S. city average, all urban consumers, not seasonally adjusted",All urban consumers,False,R,R,Monthly,0000,0000,U.S. city average,SA0E,SA0E,Energy,M08,M08,AUG,August,8,monthly,-0.0924932472989195
2016,2016-09-01,195.852,CUUR0000SA0E,"Energy in U.S. city average, all urban consumers, not seasonally adjusted",All urban consumers,False,R,R,Monthly,0000,0000,U.S. city average,SA0E,SA0E,Energy,M09,M09,SEP,September,9,monthly,-0.028709439052573615
2016,2016-10-01,194.786,CUUR0000SA0E,"Energy in U.S. city average, all urban consumers, not seasonally adjusted",All urban consumers,False,R,R,Monthly,0000,0000,U.S. city average,SA0E,SA0E,Energy,M10,M10,OCT,October,10,monthly,0.001465288096205164
2016,2016-11-01,191.402,CUUR0000SA0E,"Energy in U.S. city average, all urban consumers, not seasonally adjusted",All urban consumers,False,R,R,Monthly,0000,0000,U.S. city average,SA0E,SA0E,Energy,M11,M11,NOV,November,11,monthly,0.011280360548854285
2016,2016-12-01,193.306,CUUR0000SA0E,"Energy in U.S. city average, all urban consumers, not seasonally adjusted",All urban consumers,False,R,R,Monthly,0000,0000,U.S. city average,SA0E,SA0E,Energy,M12,M12,DEC,December,12,monthly,0.054139536912825026
2017,2017-01-01,199.608,CUUR0000SA0E,"Energy in U.S. city average, all urban consumers, not seasonally adjusted",All urban consumers,False,R,R,Monthly,0000,0000,U.S. city average,SA0E,SA0E,Energy,M01,M01,JAN,January,1,monthly,0.10788084652913077
2017,2017-02-01,198.195,CUUR0000SA0E,"Energy in U.S. city average, all urban consumers, not seasonally adjusted",All urban consumers,False,R,R,Monthly,0000,0000,U.S. city average,SA0E,SA0E,Energy,M02,M02,FEB,February,2,monthly,0.15188799321170965
2017,2017-03-01,198.597,CUUR0000SA0E,"Energy in U.S. city average, all urban consumers, not seasonally adjusted",All urban consumers,False,R,R,Monthly,0000,0000,U.S. city average,SA0E,SA0E,Energy,M03,M03,MAR,March,3,monthly,0.10937508728221346
2017,2017-04-01,202.869,CUUR0000SA0E,"Energy in U.S. city average, all urban consumers, not seasonally adjusted",All urban consumers,False,R,R,Monthly,0000,0000,U.S. city average,SA0E,SA0E,Energy,M04,M04,APR,April,4,monthly,0.0927380259840993
2017,2017-05-01,203.132,CUUR0000SA0E,"Energy in U.S. city average, all urban consumers, not seasonally adjusted",All urban consumers,False,R,R,Monthly,0000,0000,U.S. city average,SA0E,SA0E,Energy,M05,M05,MAY,May,5,monthly,0.05428368271631201
2017,2017-06-01,204.646,CUUR0000SA0E,"Energy in U.S. city average, all urban consumers, not seasonally adjusted",All urban consumers,False,R,R,Monthly,0000,0000,U.S. city average,SA0E,SA0E,Energy,M06,M06,JUN,June,6,monthly,0.02305096608093571
2017,2017-07-01,202.554,CUUR0000SA0E,"Energy in U.S. city average, all urban consumers, not seasonally adjusted",All urban consumers,False,R,R,Monthly,0000,0000,U.S. city average,SA0E,SA0E,Energy,M07,M07,JUL,July,7,monthly,0.033755231193222546
2017,2017-08-01,205.894,CUUR0000SA0E,"Energy in U.S. city average, all urban consumers, not seasonally adjusted",All urban consumers,False,R,R,Monthly,0000,0000,U.S. city average,SA0E,SA0E,Energy,M08,M08,AUG,August,8,monthly,0.06391972055145612
2017,2017-09-01,215.711,CUUR0000SA0E,"Energy in U.S. city average, all urban consumers, not seasonally adjusted",All urban consumers,False,R,R,Monthly,0000,0000,U.S. city average,SA0E,SA0E,Energy,M09,M09,SEP,September,9,monthly,0.10139799440393782
2017,2017-10-01,207.29,CUUR0000SA0E,"Energy in U.S. city average, all urban consumers, not seasonally adjusted",All urban consumers,False,R,R,Monthly,0000,0000,U.S. city average,SA0E,SA0E,Energy,M10,M10,OCT,October,10,monthly,0.06419352520201649
2017,2017-11-01,209.383,CUUR0000SA0E,"Energy in U.S. city average, all urban consumers, not seasonally adjusted",All urban consumers,False,R,R,Monthly,0000,0000,U.S. city average,SA0E,SA0E,Energy,M11,M11,NOV,November,11,monthly,0.09394363695259211
2017,2017-12-01,206.598,CUUR0000SA0E,"Energy in U.S. city average, all urban consumers, not seasonally adjusted",All urban consumers,False,R,R,Monthly,0000,0000,U.S. city average,SA0E,SA0E,Energy,M12,M12,DEC,December,12,monthly,0.06876144558368602
2018,2018-01-01,210.663,CUUR0000SA0E,"Energy in U.S. city average, all urban consumers, not seasonally adjusted",All urban consumers,False,R,R,Monthly,0000,0000,U.S. city average,SA0E,SA0E,Energy,M01,M01,JAN,January,1,monthly,0.05538355176145249
2018,2018-02-01,213.519,CUUR0000SA0E,"Energy in U.S. city average, all urban consumers, not seasonally adjusted",All urban consumers,False,R,R,Monthly,0000,0000,U.S. city average,SA0E,SA0E,Energy,M02,M02,FEB,February,2,monthly,0.07731779308257036
2018,2018-03-01,212.554,CUUR0000SA0E,"Energy in U.S. city average, all urban consumers, not seasonally adjusted",All urban consumers,False,R,R,Monthly,0000,0000,U.S. city average,SA0E,SA0E,Energy,M03,M03,MAR,March,3,monthly,0.0702780001712009
2018,2018-04-01,218.83,CUUR0000SA0E,"Energy in U.S. city average, all urban consumers, not seasonally adjusted",All urban consumers,False,R,R,Monthly,0000,0000,U.S. city average,SA0E,SA0E,Energy,M04,M04,APR,April,4,monthly,0.07867638722525383
2018,2018-05-01,226.81,CUUR0000SA0E,"Energy in U.S. city average, all urban consumers, not seasonally adjusted",All urban consumers,False,R,R,Monthly,0000,0000,U.S. city average,SA0E,SA0E,Energy,M05,M05,MAY,May,5,monthly,0.11656459838922473
2018,2018-06-01,229.137,CUUR0000SA0E,"Energy in U.S. city average, all urban consumers, not seasonally adjusted",All urban consumers,False,R,R,Monthly,0000,0000,U.S. city average,SA0E,SA0E,Energy,M06,M06,JUN,June,6,monthly,0.1196749508908066
2018,2018-07-01,227.107,CUUR0000SA0E,"Energy in U.S. city average, all urban consumers, not seasonally adjusted",All urban consumers,False,R,R,Monthly,0000,0000,U.S. city average,SA0E,SA0E,Energy,M07,M07,JUL,July,7,monthly,0.12121705816720474
2018,2018-08-01,226.939,CUUR0000SA0E,"Energy in U.S. city average, all urban consumers, not seasonally adjusted",All urban consumers,False,R,R,Monthly,0000,0000,U.S. city average,SA0E,SA0E,Energy,M08,M08,AUG,August,8,monthly,0.10221278910507348
2018,2018-09-01,226.165,CUUR0000SA0E,"Energy in U.S. city average, all urban consumers, not seasonally adjusted",All urban consumers,False,R,R,Monthly,0000,0000,U.S. city average,SA0E,SA0E,Energy,M09,M09,SEP,September,9,monthly,0.04846298983361996
2018,2018-10-01,225.757,CUUR0000SA0E,"Energy in U.S. city average, all urban consumers, not seasonally adjusted",All urban consumers,False,R,R,Monthly,0000,0000,U.S. city average,SA0E,SA0E,Energy,M10,M10,OCT,October,10,monthly,0.08908775145930825
2018,2018-11-01,215.91,CUUR0000SA0E,"Energy in U.S. city average, all urban consumers, not seasonally adjusted",All urban consumers,False,R,R,Monthly,0000,0000,U.S. city average,SA0E,SA0E,Energy,M11,M11,NOV,November,11,monthly,0.031172540273088023
2018,2018-12-01,205.905,CUUR0000SA0E,"Energy in U.S. city average, all urban consumers, not seasonally adjusted",All urban consumers,False,R,R,Monthly,0000,0000,U.S. city average,SA0E,SA0E,Energy,M12,M12,DEC,December,12,monthly,-0.003354340313071802
2019,2019-01-01,200.563,CUUR0000SA0E,"Energy in U.S. city average, all urban consumers, not seasonally adjusted",All urban consumers,False,R,R,Monthly,0000,0000,U.S. city average,SA0E,SA0E,Energy,M01,M01,JAN,January,1,monthly,-0.04794387244081788
2019,2019-02-01,202.74,CUUR0000SA0E,"Energy in U.S. city average, all urban consumers, not seasonally adjusted",All urban consumers,False,R,R,Monthly,0000,0000,U.S. city average,SA0E,SA0E,Energy,M02,M02,FEB,February,2,monthly,-0.050482626838829314
2019,2019-03-01,211.724,CUUR0000SA0E,"Energy in U.S. city average, all urban consumers, not seasonally adjusted",All urban consumers,False,R,R,Monthly,0000,0000,U.S. city average,SA0E,SA0E,Energy,M03,M03,MAR,March,3,monthly,-0.003904890051469323
2019,2019-04-01,222.499,CUUR0000SA0E,"Energy in U.S. city average, all urban consumers, not seasonally adjusted",All urban consumers,False,R,R,Monthly,0000,0000,U.S. city average,SA0E,SA0E,Energy,M04,M04,APR,April,4,monthly,0.016766439702051716
2019,2019-05-01,225.773,CUUR0000SA0E,"Energy in U.S. city average, all urban consumers, not seasonally adjusted",All urban consumers,False,R,R,Monthly,0000,0000,U.S. city average,SA0E,SA0E,Energy,M05,M05,MAY,May,5,monthly,-0.004572108813544418
2019,2019-06-01,221.373,CUUR0000SA0E,"Energy in U.S. city average, all urban consumers, not seasonally adjusted",All urban consumers,False,R,R,Monthly,0000,0000,U.S. city average,SA0E,SA0E,Energy,M06,M06,JUN,June,6,monthly,-0.033883659120962584
2019,2019-07-01,222.492,CUUR0000SA0E,"Energy in U.S. city average, all urban consumers, not seasonally adjusted",All urban consumers,False,R,R,Monthly,0000,0000,U.S. city average,SA0E,SA0E,Energy,M07,M07,JUL,July,7,monthly,-0.02032081794044216
2019,2019-08-01,216.978,CUUR0000SA0E,"Energy in U.S. city average, all urban consumers, not seasonally adjusted",All urban consumers,False,R,R,Monthly,0000,0000,U.S. city average,SA0E,SA0E,Energy,M08,M08,AUG,August,8,monthly,-0.04389285226426476
2019,2019-09-01,215.418,CUUR0000SA0E,"Energy in U.S. city average, all urban consumers, not seasonally adjusted",All urban consumers,False,R,R,Monthly,0000,0000,U.S. city average,SA0E,SA0E,Energy,M09,M09,SEP,September,9,monthly,-0.04751840470452984
2019,2019-10-01,216.351,CUUR0000SA0E,"Energy in U.S. city average, all urban consumers, not seasonally adjusted",All urban consumers,False,R,R,Monthly,0000,0000,U.S. city average,SA0E,SA0E,Energy,M10,M10,OCT,October,10,monthly,-0.04166426733168849
2019,2019-11-01,214.636,CUUR0000SA0E,"Energy in U.S. city average, all urban consumers, not seasonally adjusted",All urban consumers,False,R,R,Monthly,0000,0000,U.S. city average,SA0E,SA0E,Energy,M11,M11,NOV,November,11,monthly,-0.005900606734287384
2009,2009-12-01,217.637,CUUR0000SAF1,"Food in U.S. city average, all urban consumers, not seasonally adjusted",All urban consumers,False,R,R,Monthly,0000,0000,U.S. city average,SAF1,SAF1,Food,M12,M12,DEC,December,12,monthly,-0.005338086423984811
2010,2010-01-01,218.874,CUUR0000SAF1,"Food in U.S. city average, all urban consumers, not seasonally adjusted",All urban consumers,False,R,R,Monthly,0000,0000,U.S. city average,SAF1,SAF1,Food,M01,M01,JAN,January,1,monthly,-0.0036462956640492816
2010,2010-02-01,218.778,CUUR0000SAF1,"Food in U.S. city average, all urban consumers, not seasonally adjusted",All urban consumers,False,R,R,Monthly,0000,0000,U.S. city average,SAF1,SAF1,Food,M02,M02,FEB,February,2,monthly,-0.001947948267603472
2010,2010-03-01,219.032,CUUR0000SAF1,"Food in U.S. city average, all urban consumers, not seasonally adjusted",All urban consumers,False,R,R,Monthly,0000,0000,U.S. city average,SAF1,SAF1,Food,M03,M03,MAR,March,3,monthly,0.0019762122598354637
2010,2010-04-01,219.218,CUUR0000SAF1,"Food in U.S. city average, all urban consumers, not seasonally adjusted",All urban consumers,False,R,R,Monthly,0000,0000,U.S. city average,SAF1,SAF1,Food,M04,M04,APR,April,4,monthly,0.0048404396732701915
2010,2010-05-01,219.374,CUUR0000SAF1,"Food in U.S. city average, all urban consumers, not seasonally adjusted",All urban consumers,False,R,R,Monthly,0000,0000,U.S. city average,SAF1,SAF1,Food,M05,M05,MAY,May,5,monthly,0.007106589663309348
2010,2010-06-01,219.218,CUUR0000SAF1,"Food in U.S. city average, all urban consumers, not seasonally adjusted",All urban consumers,False,R,R,Monthly,0000,0000,U.S. city average,SAF1,SAF1,Food,M06,M06,JUN,June,6,monthly,0.006787912188848999
2010,2010-07-01,219.121,CUUR0000SAF1,"Food in U.S. city average, all urban consumers, not seasonally adjusted",All urban consumers,False,R,R,Monthly,0000,0000,U.S. city average,SAF1,SAF1,Food,M07,M07,JUL,July,7,monthly,0.00857970053899293
2010,2010-08-01,219.491,CUUR0000SAF1,"Food in U.S. city average, all urban consumers, not seasonally adjusted",All urban consumers,False,R,R,Monthly,0000,0000,U.S. city average,SAF1,SAF1,Food,M08,M08,AUG,August,8,monthly,0.009850471589602172
2010,2010-09-01,220.216,CUUR0000SAF1,"Food in U.S. city average, all urban consumers, not seasonally adjusted",All urban consumers,False,R,R,Monthly,0000,0000,U.S. city average,SAF1,SAF1,Food,M09,M09,SEP,September,9,monthly,0.01380180279719001
2010,2010-10-01,220.616,CUUR0000SAF1,"Food in U.S. city average, all urban consumers, not seasonally adjusted",All urban consumers,False,R,R,Monthly,0000,0000,U.S. city average,SAF1,SAF1,Food,M10,M10,OCT,October,10,monthly,0.014205198459034785
2010,2010-11-01,220.617,CUUR0000SAF1,"Food in U.S. city average, all urban consumers, not seasonally adjusted",All urban consumers,False,R,R,Monthly,0000,0000,U.S. city average,SAF1,SAF1,Food,M11,M11,NOV,November,11,monthly,0.015428163763146374
2010,2010-12-01,220.946,CUUR0000SAF1,"Food in U.S. city average, all urban consumers, not seasonally adjusted",All urban consumers,False,R,R,Monthly,0000,0000,U.S. city average,SAF1,SAF1,Food,M12,M12,DEC,December,12,monthly,0.015204216194856457
2011,2011-01-01,222.912,CUUR0000SAF1,"Food in U.S. city average, all urban consumers, not seasonally adjusted",All urban consumers,False,R,R,Monthly,0000,0000,U.S. city average,SAF1,SAF1,Food,M01,M01,JAN,January,1,monthly,0.018448970640642548
2011,2011-02-01,223.799,CUUR0000SAF1,"Food in U.S. city average, all urban consumers, not seasonally adjusted",All urban consumers,False,R,R,Monthly,0000,0000,U.S. city average,SAF1,SAF1,Food,M02,M02,FEB,February,2,monthly,0.022950205230873433
2011,2011-03-01,225.35,CUUR0000SAF1,"Food in U.S. city average, all urban consumers, not seasonally adjusted",All urban consumers,False,R,R,Monthly,0000,0000,U.S. city average,SAF1,SAF1,Food,M03,M03,MAR,March,3,monthly,0.028845100259322853
2011,2011-04-01,226.15,CUUR0000SAF1,"Food in U.S. city average, all urban consumers, not seasonally adjusted",All urban consumers,False,R,R,Monthly,0000,0000,U.S. city average,SAF1,SAF1,Food,M04,M04,APR,April,4,monthly,0.03162149093596334
2011,2011-05-01,226.976,CUUR0000SAF1,"Food in U.S. city average, all urban consumers, not seasonally adjusted",All urban consumers,False,R,R,Monthly,0000,0000,U.S. city average,SAF1,SAF1,Food,M05,M05,MAY,May,5,monthly,0.03465314941606579
2011,2011-06-01,227.36,CUUR0000SAF1,"Food in U.S. city average, all urban consumers, not seasonally adjusted",All urban consumers,False,R,R,Monthly,0000,0000,U.S. city average,SAF1,SAF1,Food,M06,M06,JUN,June,6,monthly,0.037141110675218414
2011,2011-07-01,228.316,CUUR0000SAF1,"Food in U.S. city average, all urban consumers, not seasonally adjusted",All urban consumers,False,R,R,Monthly,0000,0000,U.S. city average,SAF1,SAF1,Food,M07,M07,JUL,July,7,monthly,0.041963116269093215
2011,2011-08-01,229.554,CUUR0000SAF1,"Food in U.S. city average, all urban consumers, not seasonally adjusted",All urban consumers,False,R,R,Monthly,0000,0000,U.S. city average,SAF1,SAF1,Food,M08,M08,AUG,August,8,monthly,0.045846982336405606
2011,2011-09-01,230.573,CUUR0000SAF1,"Food in U.S. city average, all urban consumers, not seasonally adjusted",All urban consumers,False,R,R,Monthly,0000,0000,U.S. city average,SAF1,SAF1,Food,M09,M09,SEP,September,9,monthly,0.04703109674138117
2011,2011-10-01,231.017,CUUR0000SAF1,"Food in U.S. city average, all urban consumers, not seasonally adjusted",All urban consumers,False,R,R,Monthly,0000,0000,U.S. city average,SAF1,SAF1,Food,M10,M10,OCT,October,10,monthly,0.047145265982521556
2011,2011-11-01,230.79,CUUR0000SAF1,"Food in U.S. city average, all urban consumers, not seasonally adjusted",All urban consumers,False,R,R,Monthly,0000,0000,U.S. city average,SAF1,SAF1,Food,M11,M11,NOV,November,11,monthly,0.04611158704904872
2011,2011-12-01,231.301,CUUR0000SAF1,"Food in U.S. city average, all urban consumers, not seasonally adjusted",All urban consumers,False,R,R,Monthly,0000,0000,U.S. city average,SAF1,SAF1,Food,M12,M12,DEC,December,12,monthly,0.04686665520081834
2012,2012-01-01,232.666,CUUR0000SAF1,"Food in U.S. city average, all urban consumers, not seasonally adjusted",All urban consumers,False,R,R,Monthly,0000,0000,U.S. city average,SAF1,SAF1,Food,M01,M01,JAN,January,1,monthly,0.04375717772035603
2012,2012-02-01,232.486,CUUR0000SAF1,"Food in U.S. city average, all urban consumers, not seasonally adjusted",All urban consumers,False,R,R,Monthly,0000,0000,U.S. city average,SAF1,SAF1,Food,M02,M02,FEB,February,2,monthly,0.03881608050080643
2012,2012-03-01,232.792,CUUR0000SAF1,"Food in U.S. city average, all urban consumers, not seasonally adjusted",All urban consumers,False,R,R,Monthly,0000,0000,U.S. city average,SAF1,SAF1,Food,M03,M03,MAR,March,3,monthly,0.03302418460173073
2012,2012-04-01,233.234,CUUR0000SAF1,"Food in U.S. city average, all urban consumers, not seasonally adjusted",All urban consumers,False,R,R,Monthly,0000,0000,U.S. city average,SAF1,SAF1,Food,M04,M04,APR,April,4,monthly,0.03132434225071856
2012,2012-05-01,233.339,CUUR0000SAF1,"Food in U.S. city average, all urban consumers, not seasonally adjusted",All urban consumers,False,R,R,Monthly,0000,0000,U.S. city average,SAF1,SAF1,Food,M05,M05,MAY,May,5,monthly,0.02803380093049479
2012,2012-06-01,233.563,CUUR0000SAF1,"Food in U.S. city average, all urban consumers, not seasonally adjusted",All urban consumers,False,R,R,Monthly,0000,0000,U.S. city average,SAF1,SAF1,Food,M06,M06,JUN,June,6,monthly,0.02728272343420124
2012,2012-07-01,233.63,CUUR0000SAF1,"Food in U.S. city average, all urban consumers, not seasonally adjusted",All urban consumers,False,R,R,Monthly,0000,0000,U.S. city average,SAF1,SAF1,Food,M07,M07,JUL,July,7,monthly,0.023274759543790102
2012,2012-08-01,234.156,CUUR0000SAF1,"Food in U.S. city average, all urban consumers, not seasonally adjusted",All urban consumers,False,R,R,Monthly,0000,0000,U.S. city average,SAF1,SAF1,Food,M08,M08,AUG,August,8,monthly,0.02004757050628614
2012,2012-09-01,234.298,CUUR0000SAF1,"Food in U.S. city average, all urban consumers, not seasonally adjusted",All urban consumers,False,R,R,Monthly,0000,0000,U.S. city average,SAF1,SAF1,Food,M09,M09,SEP,September,9,monthly,0.016155404145324903
2012,2012-10-01,234.878,CUUR0000SAF1,"Food in U.S. city average, all urban consumers, not seasonally adjusted",All urban consumers,False,R,R,Monthly,0000,0000,U.S. city average,SAF1,SAF1,Food,M10,M10,OCT,October,10,monthly,0.016713055749143946
2012,2012-11-01,234.896,CUUR0000SAF1,"Food in U.S. city average, all urban consumers, not seasonally adjusted",All urban consumers,False,R,R,Monthly,0000,0000,U.S. city average,SAF1,SAF1,Food,M11,M11,NOV,November,11,monthly,0.017791065470774248
2012,2012-12-01,235.39,CUUR0000SAF1,"Food in U.S. city average, all urban consumers, not seasonally adjusted",All urban consumers,False,R,R,Monthly,0000,0000,U.S. city average,SAF1,SAF1,Food,M12,M12,DEC,December,12,monthly,0.01767826338839873
2013,2013-01-01,236.341,CUUR0000SAF1,"Food in U.S. city average, all urban consumers, not seasonally adjusted",All urban consumers,False,R,R,Monthly,0000,0000,U.S. city average,SAF1,SAF1,Food,M01,M01,JAN,January,1,monthly,0.015795174198206974
2013,2013-02-01,236.301,CUUR0000SAF1,"Food in U.S. city average, all urban consumers, not seasonally adjusted",All urban consumers,False,R,R,Monthly,0000,0000,U.S. city average,SAF1,SAF1,Food,M02,M02,FEB,February,2,monthly,0.016409590254897077
2013,2013-03-01,236.332,CUUR0000SAF1,"Food in U.S. city average, all urban consumers, not seasonally adjusted",All urban consumers,False,R,R,Monthly,0000,0000,U.S. city average,SAF1,SAF1,Food,M03,M03,MAR,March,3,monthly,0.01520670813430014
2013,2013-04-01,236.841,CUUR0000SAF1,"Food in U.S. city average, all urban consumers, not seasonally adjusted",All urban consumers,False,R,R,Monthly,0000,0000,U.S. city average,SAF1,SAF1,Food,M04,M04,APR,April,4,monthly,0.01546515516605651
2013,2013-05-01,236.526,CUUR0000SAF1,"Food in U.S. city average, all urban consumers, not seasonally adjusted",All urban consumers,False,R,R,Monthly,0000,0000,U.S. city average,SAF1,SAF1,Food,M05,M05,MAY,May,5,monthly,0.013658239728463695
2013,2013-06-01,236.792,CUUR0000SAF1,"Food in U.S. city average, all urban consumers, not seasonally adjusted",All urban consumers,False,R,R,Monthly,0000,0000,U.S. city average,SAF1,SAF1,Food,M06,M06,JUN,June,6,monthly,0.013824963714287097
2013,2013-07-01,237.001,CUUR0000SAF1,"Food in U.S. city average, all urban consumers, not seasonally adjusted",All urban consumers,False,R,R,Monthly,0000,0000,U.S. city average,SAF1,SAF1,Food,M07,M07,JUL,July,7,monthly,0.014428797671532045
2013,2013-08-01,237.406,CUUR0000SAF1,"Food in U.S. city average, all urban consumers, not seasonally adjusted",All urban consumers,False,R,R,Monthly,0000,0000,U.S. city average,SAF1,SAF1,Food,M08,M08,AUG,August,8,monthly,0.013879635798356604
2013,2013-09-01,237.522,CUUR0000SAF1,"Food in U.S. city average, all urban consumers, not seasonally adjusted",All urban consumers,False,R,R,Monthly,0000,0000,U.S. city average,SAF1,SAF1,Food,M09,M09,SEP,September,9,monthly,0.013760254035459107
2013,2013-10-01,237.871,CUUR0000SAF1,"Food in U.S. city average, all urban consumers, not seasonally adjusted",All urban consumers,False,R,R,Monthly,0000,0000,U.S. city average,SAF1,SAF1,Food,M10,M10,OCT,October,10,monthly,0.012742785616362662
2013,2013-11-01,237.641,CUUR0000SAF1,"Food in U.S. city average, all urban consumers, not seasonally adjusted",All urban consumers,False,R,R,Monthly,0000,0000,U.S. city average,SAF1,SAF1,Food,M11,M11,NOV,November,11,monthly,0.011686022750493796
2013,2013-12-01,237.869,CUUR0000SAF1,"Food in U.S. city average, all urban consumers, not seasonally adjusted",All urban consumers,False,R,R,Monthly,0000,0000,U.S. city average,SAF1,SAF1,Food,M12,M12,DEC,December,12,monthly,0.010531458430689478
2014,2014-01-01,238.872,CUUR0000SAF1,"Food in U.S. city average, all urban consumers, not seasonally adjusted",All urban consumers,False,R,R,Monthly,0000,0000,U.S. city average,SAF1,SAF1,Food,M01,M01,JAN,January,1,monthly,0.010709102525588099
2014,2014-02-01,239.608,CUUR0000SAF1,"Food in U.S. city average, all urban consumers, not seasonally adjusted",All urban consumers,False,R,R,Monthly,0000,0000,U.S. city average,SAF1,SAF1,Food,M02,M02,FEB,February,2,monthly,0.013994862484712378
2014,2014-03-01,240.398,CUUR0000SAF1,"Food in U.S. city average, all urban consumers, not seasonally adjusted",All urban consumers,False,R,R,Monthly,0000,0000,U.S. city average,SAF1,SAF1,Food,M03,M03,MAR,March,3,monthly,0.017204610463246617
2014,2014-04-01,241.337,CUUR0000SAF1,"Food in U.S. city average, all urban consumers, not seasonally adjusted",All urban consumers,False,R,R,Monthly,0000,0000,U.S. city average,SAF1,SAF1,Food,M04,M04,APR,April,4,monthly,0.01898319969937634
2014,2014-05-01,242.344,CUUR0000SAF1,"Food in U.S. city average, all urban consumers, not seasonally adjusted",All urban consumers,False,R,R,Monthly,0000,0000,U.S. city average,SAF1,SAF1,Food,M05,M05,MAY,May,5,monthly,0.024597718644039146
2014,2014-06-01,242.326,CUUR0000SAF1,"Food in U.S. city average, all urban consumers, not seasonally adjusted",All urban consumers,False,R,R,Monthly,0000,0000,U.S. city average,SAF1,SAF1,Food,M06,M06,JUN,June,6,monthly,0.023370721983850817
2014,2014-07-01,243.034,CUUR0000SAF1,"Food in U.S. city average, all urban consumers, not seasonally adjusted",All urban consumers,False,R,R,Monthly,0000,0000,U.S. city average,SAF1,SAF1,Food,M07,M07,JUL,July,7,monthly,0.025455588794983885
2014,2014-08-01,243.811,CUUR0000SAF1,"Food in U.S. city average, all urban consumers, not seasonally adjusted",All urban consumers,False,R,R,Monthly,0000,0000,U.S. city average,SAF1,SAF1,Food,M08,M08,AUG,August,8,monthly,0.02697909909606322
2014,2014-09-01,244.63,CUUR0000SAF1,"Food in U.S. city average, all urban consumers, not seasonally adjusted",All urban consumers,False,R,R,Monthly,0000,0000,U.S. city average,SAF1,SAF1,Food,M09,M09,SEP,September,9,monthly,0.029925648992514375
2014,2014-10-01,245.166,CUUR0000SAF1,"Food in U.S. city average, all urban consumers, not seasonally adjusted",All urban consumers,False,R,R,Monthly,0000,0000,U.S. city average,SAF1,SAF1,Food,M10,M10,OCT,October,10,monthly,0.030667883012220898
2014,2014-11-01,245.192,CUUR0000SAF1,"Food in U.S. city average, all urban consumers, not seasonally adjusted",All urban consumers,False,R,R,Monthly,0000,0000,U.S. city average,SAF1,SAF1,Food,M11,M11,NOV,November,11,monthly,0.031774820001599036
2014,2014-12-01,245.976,CUUR0000SAF1,"Food in U.S. city average, all urban consumers, not seasonally adjusted",All urban consumers,False,R,R,Monthly,0000,0000,U.S. city average,SAF1,SAF1,Food,M12,M12,DEC,December,12,monthly,0.03408178451164301
2015,2015-01-01,246.538,CUUR0000SAF1,"Food in U.S. city average, all urban consumers, not seasonally adjusted",All urban consumers,False,R,R,Monthly,0000,0000,U.S. city average,SAF1,SAF1,Food,M01,M01,JAN,January,1,monthly,0.0320925014233564
2015,2015-02-01,246.68,CUUR0000SAF1,"Food in U.S. city average, all urban consumers, not seasonally adjusted",All urban consumers,False,R,R,Monthly,0000,0000,U.S. city average,SAF1,SAF1,Food,M02,M02,FEB,February,2,monthly,0.02951487429468136
2015,2015-03-01,246.045,CUUR0000SAF1,"Food in U.S. city average, all urban consumers, not seasonally adjusted",All urban consumers,False,R,R,Monthly,0000,0000,U.S. city average,SAF1,SAF1,Food,M03,M03,MAR,March,3,monthly,0.023490212064992244
2015,2015-04-01,246.121,CUUR0000SAF1,"Food in U.S. city average, all urban consumers, not seasonally adjusted",All urban consumers,False,R,R,Monthly,0000,0000,U.S. city average,SAF1,SAF1,Food,M04,M04,APR,April,4,monthly,0.01982290324318292
2015,2015-05-01,246.187,CUUR0000SAF1,"Food in U.S. city average, all urban consumers, not seasonally adjusted",All urban consumers,False,R,R,Monthly,0000,0000,U.S. city average,SAF1,SAF1,Food,M05,M05,MAY,May,5,monthly,0.015857623873502202
2015,2015-06-01,246.68,CUUR0000SAF1,"Food in U.S. city average, all urban consumers, not seasonally adjusted",All urban consumers,False,R,R,Monthly,0000,0000,U.S. city average,SAF1,SAF1,Food,M06,M06,JUN,June,6,monthly,0.017967531342076404
2015,2015-07-01,247.003,CUUR0000SAF1,"Food in U.S. city average, all urban consumers, not seasonally adjusted",All urban consumers,False,R,R,Monthly,0000,0000,U.S. city average,SAF1,SAF1,Food,M07,M07,JUL,July,7,monthly,0.016331048330686215
2015,2015-08-01,247.671,CUUR0000SAF1,"Food in U.S. city average, all urban consumers, not seasonally adjusted",All urban consumers,False,R,R,Monthly,0000,0000,U.S. city average,SAF1,SAF1,Food,M08,M08,AUG,August,8,monthly,0.015831935392578655
2015,2015-09-01,248.632,CUUR0000SAF1,"Food in U.S. city average, all urban consumers, not seasonally adjusted",All urban consumers,False,R,R,Monthly,0000,0000,U.S. city average,SAF1,SAF1,Food,M09,M09,SEP,September,9,monthly,0.016359399910068406
2015,2015-10-01,249.052,CUUR0000SAF1,"Food in U.S. city average, all urban consumers, not seasonally adjusted",All urban consumers,False,R,R,Monthly,0000,0000,U.S. city average,SAF1,SAF1,Food,M10,M10,OCT,October,10,monthly,0.015850484977525392
2015,2015-11-01,248.306,CUUR0000SAF1,"Food in U.S. city average, all urban consumers, not seasonally adjusted",All urban consumers,False,R,R,Monthly,0000,0000,U.S. city average,SAF1,SAF1,Food,M11,M11,NOV,November,11,monthly,0.012700251231687831
2015,2015-12-01,247.903,CUUR0000SAF1,"Food in U.S. city average, all urban consumers, not seasonally adjusted",All urban consumers,False,R,R,Monthly,0000,0000,U.S. city average,SAF1,SAF1,Food,M12,M12,DEC,December,12,monthly,0.007834097635541548
2016,2016-01-01,248.631,CUUR0000SAF1,"Food in U.S. city average, all urban consumers, not seasonally adjusted",All urban consumers,False,R,R,Monthly,0000,0000,U.S. city average,SAF1,SAF1,Food,M01,M01,JAN,January,1,monthly,0.008489563475001738
2016,2016-02-01,248.8,CUUR0000SAF1,"Food in U.S. city average, all urban consumers, not seasonally adjusted",All urban consumers,False,R,R,Monthly,0000,0000,U.S. city average,SAF1,SAF1,Food,M02,M02,FEB,February,2,monthly,0.008594130047024473
2016,2016-03-01,247.978,CUUR0000SAF1,"Food in U.S. city average, all urban consumers, not seasonally adjusted",All urban consumers,False,R,R,Monthly,0000,0000,U.S. city average,SAF1,SAF1,Food,M03,M03,MAR,March,3,monthly,0.007856286451665362
2016,2016-04-01,248.413,CUUR0000SAF1,"Food in U.S. city average, all urban consumers, not seasonally adjusted",All urban consumers,False,R,R,Monthly,0000,0000,U.S. city average,SAF1,SAF1,Food,M04,M04,APR,April,4,monthly,0.009312492635736191
2016,2016-05-01,247.86,CUUR0000SAF1,"Food in U.S. city average, all urban consumers, not seasonally adjusted",All urban consumers,False,R,R,Monthly,0000,0000,U.S. city average,SAF1,SAF1,Food,M05,M05,MAY,May,5,monthly,0.0067956472112662425
2016,2016-06-01,247.482,CUUR0000SAF1,"Food in U.S. city average, all urban consumers, not seasonally adjusted",All urban consumers,False,R,R,Monthly,0000,0000,U.S. city average,SAF1,SAF1,Food,M06,M06,JUN,June,6,monthly,0.0032511756121289537
2016,2016-07-01,247.554,CUUR0000SAF1,"Food in U.S. city average, all urban consumers, not seasonally adjusted",All urban consumers,False,R,R,Monthly,0000,0000,U.S. city average,SAF1,SAF1,Food,M07,M07,JUL,July,7,monthly,0.002230742136735353
2016,2016-08-01,247.719,CUUR0000SAF1,"Food in U.S. city average, all urban consumers, not seasonally adjusted",All urban consumers,False,R,R,Monthly,0000,0000,U.S. city average,SAF1,SAF1,Food,M08,M08,AUG,August,8,monthly,0.00019380549196323926
2016,2016-09-01,247.917,CUUR0000SAF1,"Food in U.S. city average, all urban consumers, not seasonally adjusted",All urban consumers,False,R,R,Monthly,0000,0000,U.S. city average,SAF1,SAF1,Food,M09,M09,SEP,September,9,monthly,-0.0028757360275427635
2016,2016-10-01,248.073,CUUR0000SAF1,"Food in U.S. city average, all urban consumers, not seasonally adjusted",All urban consumers,False,R,R,Monthly,0000,0000,U.S. city average,SAF1,SAF1,Food,M10,M10,OCT,October,10,monthly,-0.003930905995535028
2016,2016-11-01,247.435,CUUR0000SAF1,"Food in U.S. city average, all urban consumers, not seasonally adjusted",All urban consumers,False,R,R,Monthly,0000,0000,U.S. city average,SAF1,SAF1,Food,M11,M11,NOV,November,11,monthly,-0.0035077686403067743
2016,2016-12-01,247.313,CUUR0000SAF1,"Food in U.S. city average, all urban consumers, not seasonally adjusted",All urban consumers,False,R,R,Monthly,0000,0000,U.S. city average,SAF1,SAF1,Food,M12,M12,DEC,December,12,monthly,-0.0023799631307406255
2017,2017-01-01,248.242,CUUR0000SAF1,"Food in U.S. city average, all urban consumers, not seasonally adjusted",All urban consumers,False,R,R,Monthly,0000,0000,U.S. city average,SAF1,SAF1,Food,M01,M01,JAN,January,1,monthly,-0.0015645675720245
2017,2017-02-01,248.791,CUUR0000SAF1,"Food in U.S. city average, all urban consumers, not seasonally adjusted",All urban consumers,False,R,R,Monthly,0000,0000,U.S. city average,SAF1,SAF1,Food,M02,M02,FEB,February,2,monthly,-3.617363344055047e-05
2017,2017-03-01,249.165,CUUR0000SAF1,"Food in U.S. city average, all urban consumers, not seasonally adjusted",All urban consumers,False,R,R,Monthly,0000,0000,U.S. city average,SAF1,SAF1,Food,M03,M03,MAR,March,3,monthly,0.004786714950519633
2017,2017-04-01,249.739,CUUR0000SAF1,"Food in U.S. city average, all urban consumers, not seasonally adjusted",All urban consumers,False,R,R,Monthly,0000,0000,U.S. city average,SAF1,SAF1,Food,M04,M04,APR,April,4,monthly,0.005337884893302558
2017,2017-05-01,250.016,CUUR0000SAF1,"Food in U.S. city average, all urban consumers, not seasonally adjusted",All urban consumers,False,R,R,Monthly,0000,0000,U.S. city average,SAF1,SAF1,Food,M05,M05,MAY,May,5,monthly,0.008698458807391285
2017,2017-06-01,249.653,CUUR0000SAF1,"Food in U.S. city average, all urban consumers, not seasonally adjusted",All urban consumers,False,R,R,Monthly,0000,0000,U.S. city average,SAF1,SAF1,Food,M06,M06,JUN,June,6,monthly,0.008772355161183354
2017,2017-07-01,250.214,CUUR0000SAF1,"Food in U.S. city average, all urban consumers, not seasonally adjusted",All urban consumers,False,R,R,Monthly,0000,0000,U.S. city average,SAF1,SAF1,Food,M07,M07,JUL,July,7,monthly,0.010745130355397148
2017,2017-08-01,250.493,CUUR0000SAF1,"Food in U.S. city average, all urban consumers, not seasonally adjusted",All urban consumers,False,R,R,Monthly,0000,0000,U.S. city average,SAF1,SAF1,Food,M08,M08,AUG,August,8,monthly,0.011198172122445227
2017,2017-09-01,250.993,CUUR0000SAF1,"Food in U.S. city average, all urban consumers, not seasonally adjusted",All urban consumers,False,R,R,Monthly,0000,0000,U.S. city average,SAF1,SAF1,Food,M09,M09,SEP,September,9,monthly,0.012407378275793857
2017,2017-10-01,251.364,CUUR0000SAF1,"Food in U.S. city average, all urban consumers, not seasonally adjusted",All urban consumers,False,R,R,Monthly,0000,0000,U.S. city average,SAF1,SAF1,Food,M10,M10,OCT,October,10,monthly,0.013266256303588131
2017,2017-11-01,250.871,CUUR0000SAF1,"Food in U.S. city average, all urban consumers, not seasonally adjusted",All urban consumers,False,R,R,Monthly,0000,0000,U.S. city average,SAF1,SAF1,Food,M11,M11,NOV,November,11,monthly,0.013886475235920681
2017,2017-12-01,251.238,CUUR0000SAF1,"Food in U.S. city average, all urban consumers, not seasonally adjusted",All urban consumers,False,R,R,Monthly,0000,0000,U.S. city average,SAF1,SAF1,Food,M12,M12,DEC,December,12,monthly,0.015870576961178884
2018,2018-01-01,252.361,CUUR0000SAF1,"Food in U.S. city average, all urban consumers, not seasonally adjusted",All urban consumers,False,R,R,Monthly,0000,0000,U.S. city average,SAF1,SAF1,Food,M01,M01,JAN,January,1,monthly,0.016592679723817838
2018,2018-02-01,252.266,CUUR0000SAF1,"Food in U.S. city average, all urban consumers, not seasonally adjusted",All urban consumers,False,R,R,Monthly,0000,0000,U.S. city average,SAF1,SAF1,Food,M02,M02,FEB,February,2,monthly,0.013967547057570417
2018,2018-03-01,252.37,CUUR0000SAF1,"Food in U.S. city average, all urban consumers, not seasonally adjusted",All urban consumers,False,R,R,Monthly,0000,0000,U.S. city average,SAF1,SAF1,Food,M03,M03,MAR,March,3,monthly,0.012862962294062141
2018,2018-04-01,253.209,CUUR0000SAF1,"Food in U.S. city average, all urban consumers, not seasonally adjusted",All urban consumers,False,R,R,Monthly,0000,0000,U.S. city average,SAF1,SAF1,Food,M04,M04,APR,April,4,monthly,0.01389450586412222
2018,2018-05-01,253.098,CUUR0000SAF1,"Food in U.S. city average, all urban consumers, not seasonally adjusted",All urban consumers,False,R,R,Monthly,0000,0000,U.S. city average,SAF1,SAF1,Food,M05,M05,MAY,May,5,monthly,0.012327211058492438
2018,2018-06-01,253.231,CUUR0000SAF1,"Food in U.S. city average, all urban consumers, not seasonally adjusted",All urban consumers,False,R,R,Monthly,0000,0000,U.S. city average,SAF1,SAF1,Food,M06,M06,JUN,June,6,monthly,0.014331892667021728
2018,2018-07-01,253.746,CUUR0000SAF1,"Food in U.S. city average, all urban consumers, not seasonally adjusted",All urban consumers,False,R,R,Monthly,0000,0000,U.S. city average,SAF1,SAF1,Food,M07,M07,JUL,July,7,monthly,0.014115916775240489
2018,2018-08-01,254.077,CUUR0000SAF1,"Food in U.S. city average, all urban consumers, not seasonally adjusted",All urban consumers,False,R,R,Monthly,0000,0000,U.S. city average,SAF1,SAF1,Food,M08,M08,AUG,August,8,monthly,0.014307785047885657
2018,2018-09-01,254.393,CUUR0000SAF1,"Food in U.S. city average, all urban consumers, not seasonally adjusted",All urban consumers,False,R,R,Monthly,0000,0000,U.S. city average,SAF1,SAF1,Food,M09,M09,SEP,September,9,monthly,0.013546194515384968
2018,2018-10-01,254.358,CUUR0000SAF1,"Food in U.S. city average, all urban consumers, not seasonally adjusted",All urban consumers,False,R,R,Monthly,0000,0000,U.S. city average,SAF1,SAF1,Food,M10,M10,OCT,October,10,monthly,0.011911013510287782
2018,2018-11-01,254.379,CUUR0000SAF1,"Food in U.S. city average, all urban consumers, not seasonally adjusted",All urban consumers,False,R,R,Monthly,0000,0000,U.S. city average,SAF1,SAF1,Food,M11,M11,NOV,November,11,monthly,0.0139832822446595
2018,2018-12-01,255.21,CUUR0000SAF1,"Food in U.S. city average, all urban consumers, not seasonally adjusted",All urban consumers,False,R,R,Monthly,0000,0000,U.S. city average,SAF1,SAF1,Food,M12,M12,DEC,December,12,monthly,0.015809710314522496
2019,2019-01-01,256.417,CUUR0000SAF1,"Food in U.S. city average, all urban consumers, not seasonally adjusted",All urban consumers,False,R,R,Monthly,0000,0000,U.S. city average,SAF1,SAF1,Food,M01,M01,JAN,January,1,monthly,0.016072214010881103
2019,2019-02-01,257.222,CUUR0000SAF1,"Food in U.S. city average, all urban consumers, not seasonally adjusted",All urban consumers,False,R,R,Monthly,0000,0000,U.S. city average,SAF1,SAF1,Food,M02,M02,FEB,February,2,monthly,0.01964592929685338
2019,2019-03-01,257.724,CUUR0000SAF1,"Food in U.S. city average, all urban consumers, not seasonally adjusted",All urban consumers,False,R,R,Monthly,0000,0000,U.S. city average,SAF1,SAF1,Food,M03,M03,MAR,March,3,monthly,0.021214882910012944
2019,2019-04-01,257.708,CUUR0000SAF1,"Food in U.S. city average, all urban consumers, not seasonally adjusted",All urban consumers,False,R,R,Monthly,0000,0000,U.S. city average,SAF1,SAF1,Food,M04,M04,APR,April,4,monthly,0.017767930839741153
2019,2019-05-01,258.11,CUUR0000SAF1,"Food in U.S. city average, all urban consumers, not seasonally adjusted",All urban consumers,False,R,R,Monthly,0000,0000,U.S. city average,SAF1,SAF1,Food,M05,M05,MAY,May,5,monthly,0.01980260610514506
2019,2019-06-01,258.064,CUUR0000SAF1,"Food in U.S. city average, all urban consumers, not seasonally adjusted",All urban consumers,False,R,R,Monthly,0000,0000,U.S. city average,SAF1,SAF1,Food,M06,M06,JUN,June,6,monthly,0.01908534105224091
2019,2019-07-01,258.274,CUUR0000SAF1,"Food in U.S. city average, all urban consumers, not seasonally adjusted",All urban consumers,False,R,R,Monthly,0000,0000,U.S. city average,SAF1,SAF1,Food,M07,M07,JUL,July,7,monthly,0.01784461626981315
2019,2019-08-01,258.41,CUUR0000SAF1,"Food in U.S. city average, all urban consumers, not seasonally adjusted",All urban consumers,False,R,R,Monthly,0000,0000,U.S. city average,SAF1,SAF1,Food,M08,M08,AUG,August,8,monthly,0.01705388523951412
2019,2019-09-01,258.943,CUUR0000SAF1,"Food in U.S. city average, all urban consumers, not seasonally adjusted",All urban consumers,False,R,R,Monthly,0000,0000,U.S. city average,SAF1,SAF1,Food,M09,M09,SEP,September,9,monthly,0.017885712264095188
2019,2019-10-01,259.632,CUUR0000SAF1,"Food in U.S. city average, all urban consumers, not seasonally adjusted",All urban consumers,False,R,R,Monthly,0000,0000,U.S. city average,SAF1,SAF1,Food,M10,M10,OCT,October,10,monthly,0.020734555233175245
2019,2019-11-01,259.467,CUUR0000SAF1,"Food in U.S. city average, all urban consumers, not seasonally adjusted",All urban consumers,False,R,R,Monthly,0000,0000,U.S. city average,SAF1,SAF1,Food,M11,M11,NOV,November,11,monthly,0.0200016510796881
